-339.9114843581637
-113.53636466828033
-12.60501349301876
-72.91676103943274
-271.7868091563764
-352.2734957630466
-155.1005357510076
-51.05337587854791
-110.05132602346674
3.319989151467496
548.1593572503482
-351.2670639862589
-198.75391870308508
-74.25595038495067
-65.97803696476586
-54.68808075781419
-312.4729073185807
-380.5135753226432
-332.3290205123381
-40.24020413434897
-362.79768949962727
-69.16271154297141
-59.51294327914212
-393.192092832237
-95.07857491214403
-117.47249536463605
-284.12607645546905
-330.1805098743537
-371.6748990555189
-74.66788100524747
-169.73542672374583
-29.588598817832008
-298.03385114942483
-185.78566257558748
-10.130260858828251
-270.2562800656077
-69.34661166703614
-164.11803959476063
-304.28032654160256
-315.6578803927892
-115.24488100978184
-110.722876068349
-19.133314627264497
-338.6149485741473
-329.894334397074
-85.47741415603514
-322.55327848764045
-75.49269653502597
-59.060926710147896
38.87279891558427
-55.058843121571954
-92.71477901249597
-345.7214826720368
-26.391028795206807
-336.10106553619886
614.2986285902148
-199.606534213102
-351.0143550838215
-145.81113384902253
-318.357626396144
-73.64294351778301
-184.98472812524892
138.41577661447934
689.8753425517788
412.8500684024117
825.2085635644285
889.8522237912555
538.5333858219562
279.8551252058028
67.13974634884855
653.1228123117526
-121.2466278680082
716.064457608569
101.76585044713937
518.8189070823987
903.9578190125283
52.34614149310556
694.5227168808385
504.8998076424032
712.6672334351745
997.461765541596
727.0072324425437
1046.788459106928
1628.5097611290923
-150.23880066668283
730.6587668591922
742.7050546261233
-62.401764726520526
785.3028373905273
87.60007553804132
667.7014927351665
-129.3770185386168
-159.50283783763555
-102.62196582275229
874.7810575738474
74.42090443939827
658.4292544659481
-193.5763566066385
-190.8500088546982
-169.78699279180597
720.8021493103467
698.8190770359505
-153.8673123790281
-150.56668995010955
72.78751491764001
744.3261275175789
-198.20489994073662
814.5751035578553
-33.97117921138357
697.248875228812
667.9614354039379
-65.39092290535075
493.868743590844
761.734139807934
-21.03326400576816
-172.81128314961128
-3.980961818494791
844.7969937592322
700.4754844349036
-209.35414852296157
933.9855738554493
685.813288717829
167.72578324768313
-184.6368864487947
744.2263298959276
686.5776345904544
743.0083511945134
1061.5650546830798
64.56548465094085
-160.35657179503684
777.9508062556679
-142.50008324870555
716.3074824062296
-75.42515934794659
-36.109762592016125
624.2693126450653
553.4126158110374
-129.77819747693147
-35.66239289890245
-146.20457298685662
749.9882266775601
511.2942018014852
-149.60620530587283
218.47845015153905
-169.11362066441882
932.624738130188
128.83675741228296
712.3040375283101
728.2123833179771
726.9206986631134
-113.25756567438108
801.207274960922
788.6137032245945
640.9410930936784
85.5149513840604
-180.81736553330472
1075.1307086239867
-123.09452831495582
-183.56835845297803
-153.11135859690276
724.2825221429165
695.7057181819017
511.2515672950125
18.57190380369161
654.1021845773723
56.48513340891134
697.1947758175556
281.68456376417384
507.4388931261718
170.03514507077796
-164.35189192878818
-65.47786355716806
717.5543385651913
-69.52380976634646
702.3110528921794
621.9579082426869
-132.1761369669416
741.2227576434432
659.497093521571
615.6176854238756
708.7548842721931
809.2024487143431
944.2103632011988
645.3837600405734
808.7234438270343
837.3961187632805
646.2972318208683
660.6536730230966
562.4475860264973
145.90472547127814
630.7422133730274
1044.494559884436
-200.86452104805153
655.7069466652354
654.9098911266207
689.9559551134628
644.5236912800901
68.95809338127532
466.3273039664209
171.27269315315846
875.7975556294116
368.33238088196356
897.3058232096155
1168.4977097760807
1327.7060577786417
650.3709410057193
688.532606764689
686.8037793652961
964.7643325494364
193.74057493195744
-76.73552353821401
1154.8505200906654
819.4281549898017
614.8265913352534
669.7483530341743
653.7383907245762
733.7564114842294
1275.1341500608446
511.19119385511823
609.0929955376278
724.2154947916279
634.6260402502742
27.483398844455678
669.8771442715531
700.9244595662161
-30.77550261310472
26.255483155513048
202.14471632127072
673.3483018488052
876.8608360281381
958.061892188835
640.4216256259789
681.3620890676468
411.39087371530024
650.269897835876
281.1558971591113
-108.749028249487
-152.20973090450067
684.5027655558405
-33.2605470045649
-95.86235348991414
875.3228253909789
1006.8335847871941
-9.435778933344977
-136.5095460510626
796.804256105364
1165.9306860464417
640.7681448068718
836.5421247676288
656.0082900699836
432.2242828439473
921.9677046742523
644.6877263188462
-7.378365074559042
656.1028981009656
756.1690221657707
654.3500784940798
655.0632512344257
625.6620910918072
815.3523563298921
1244.691621554196
650.9785348289458
835.849572991625
637.4347291462993
735.2772026877917
675.2989201414495
29.19053009985589
460.0848562413601
604.6907963027588
-135.74254404787627
-119.6988012587625
732.4495127495788
617.6955364874207
617.6415819507987
492.73608443555577
723.1572669325383
479.18073036090044
-174.12097489845905
502.78604469930997
16.181681652444638
628.9906735336745
-21.492362002087077
725.5051643047723
665.9219864777547
172.2739688565814
739.463199524623
-130.60943668714327
230.6178844682679
-86.0524458980949
712.8477668048752
766.5631390564113
63.52786099980801
779.462431301549
665.2934832638871
546.7422478069567
-190.28955093358815
722.7289612452332
-172.3484610180559
659.8034417222561
-132.01024738998245
692.441942821139
643.4114540826954
761.688971655107
703.7455441060835
269.13127673684585
587.6455357240777
276.46485926973924
671.8758905604852
796.7425835742631
612.3550216073062
-93.95787316840824
671.0314384740057
719.2492832182818
1027.2410278460318
-126.05862817755181
736.8702017489985
-87.13204602033665
1166.3533239003464
672.4194049055476
592.8527329199569
712.8534112468553
-180.53427981597343
669.8354463971082
687.1315662748751
-173.11768218086513
589.1367562831986
464.94532877971733
-80.08201596681914
349.0934864607208
994.26100350707
763.1592990272152
709.5774333819775
-147.71921252253006
245.7004547863379
497.3743666765272
799.3689205735574
672.8341951553527
-172.38724227359646
701.8630053177033
688.053313814013
1318.9556314791905
1147.1804373317163
692.8212419589676
913.3807344029408
758.5853528277082
1044.3214875805932
263.85950186223874
881.244870864972
348.2323843207538
729.5230100176939
-70.08891626099563
-166.92505714785565
73.39128425026763
780.693097645799
693.0681098525357
719.6352509958704
881.1706408097664
745.3240975653703
864.5769525237538
1130.7995700242495
-178.10864024939116
932.1815045478199
178.08381500558505
111.59858456964116
-187.03338925706416
-169.69978866871065
-174.1839799673521
193.1464641453332
735.8108437202682
181.89776757049697
731.5460803257124
-92.34775074460924
199.8724422276381
634.303147319783
486.53812639666637
226.11185725068253
766.7792903003283
886.4843874359965
65.99805962376536
730.5482545580952
-197.33421866524407
630.4804814483443
482.2907682328604
-179.24032412628668
638.0620635625413
933.0124349968796
576.7044579220075
776.2378965476396
-17.829615721472408
-198.24834999830298
730.9255774513988
1005.7795473638249
811.2122303469949
811.9599820138978
774.2258422320356
671.1970686951452
-102.2867458798479
996.8671557206235
206.10722908511332
983.541333310872
165.0434628577524
906.1162639646709
691.7648479435874
658.9033747194337
399.26603376262983
920.7274339539551
714.8767031892705
771.0523281214483
627.0759227326496
-142.64137832715997
983.6145497043095
351.59476911721515
-155.2141961713785
614.6730347267168
621.0177137747935
692.8903900287223
20.141471254790133
653.0828502685865
795.2062168295985
128.55933382895154
736.8167426642526
663.8882585818901
930.5744456856064
-58.8589556031086
656.8255105126527
537.9420453296352
644.3598505915613
1067.8936344549202
682.8536262885007
639.2318002233196
979.6723254496917
298.73548283721664
914.7931246762553
865.4192667498471
-41.71369689744398
-109.13254798617595
646.3413991525733
682.7657764241231
640.4888510483287
622.4424204129516
714.894913899766
1249.1503065288314
623.8393028465096
37.222711994473855
1318.9623066029246
22.241474805684163
948.7895382512405
1006.8176358654805
498.2151019822812
735.0027718510323
708.0820272648107
610.281666458409
-119.5306926919371
326.2728004019739
673.7651486085283
671.8398252795039
740.748669544115
668.36495818923
801.4395964109208
1368.355344481915
571.4575684794638
907.9835347101754
646.9376080783454
706.8970061349034
639.6127371444643
996.2706678599466
474.6629951181153
587.3380602086196
631.0609481920426
1018.2238117419893
-37.767231108072
693.1254176130253
809.198078435473
54.09754318999131
270.16513128631505
703.633072106336
890.4897417711716
1076.9425172772146
692.6431702944634
-139.02179986699971
284.70262270895194
101.62805737068004
698.3638794531294
-60.68749647089436
397.86665772315985
580.479775377372
-21.179528610036073
1322.65755101488
640.8586222417002
865.6150460155317
562.5612323486964
663.1490021397967
694.8306106578909
580.0738259982902
231.6869221341558
766.8416487391436
810.4783226683751
-152.30285045334827
250.38379935867647
1008.3777542376372
612.8346080551366
665.1766765597965
593.3947230048051
653.6117214449202
1273.4240202643452
-192.36589384343532
-146.0156493137071
388.66954926648964
605.8434374616868
861.8606372549814
723.0722416688241
480.28698288900193
708.6752909700539
662.4638894156662
651.5021530576687
522.8086528770856
692.4543119092527
610.7570573790324
653.3422386575121
79.09007215953204
641.9457527427285
16.573672359039165
951.8173044002415
1057.2627046240286
587.5699478853609
677.1357399890169
878.9404429861245
1236.7793254315275
636.9126696064066
14.562963859322792
577.8462554229039
580.7796179008965
905.2521699399517
634.0416980991532
696.7454727650052
812.3605462055781
731.2425133305458
828.8771004952007
722.8500978525768
77.52806789362296
1049.896421218661
-16.77481512223079
660.6244213271423
787.0390211213619
-92.61333431748
168.24511538982756
-171.08071745803258
692.7438621681405
713.3892012561278
485.0009633448776
-106.39728987632606
21.98008362260572
311.40257752989623
726.5592061859021
2.876063974995702
753.3190957079883
-130.52708046914597
636.6809355332521
1071.1339124232072
728.8479699508438
672.3975424310267
-175.5896989951045
821.5391145048432
498.0916049352461
961.275980489115
-165.69464007383417
1251.2913708254505
-76.09341326062457
694.2757937168483
660.2195972004467
759.7531003096153
697.2506821301199
1032.7557442734326
524.143921121566
704.2189390039366
653.0422914043481
628.518954164172
681.3600667871242
-34.97463142999891
548.4819872902349
681.8337532025421
441.0968695635812
701.0928748756806
538.0837925600181
687.3348979006869
901.2390211910238
641.7947600163359
57.585770823212044
530.4532590193828
318.57499153469166
474.3200656772458
1122.5875728984765
1094.2126931167243
268.8055068100481
278.9346750807332
-15.241605520650637
562.2540381890683
1087.1143783076102
1182.3709031048652
1554.4565429179202
737.8317988014952
1696.47622658634
987.5856911562571
-56.17212434543484
699.0364295089018
748.6944960342475
699.1847613836383
668.2498430082096
1245.9425835274715
1158.051198055274
941.1229777817307
1374.7272892543986
370.9947331065689
940.4282213923234
1210.1836124508027
1117.6672204193042
984.5887630500458
112.28494252014616
984.5085229823965
34.608336023732136
644.9872351913402
756.3065965287815
980.5835763931887
667.4903400002293
688.3983021977817
261.69113348207156
691.1226684902663
1477.284608795456
609.628710431456
82.98080500504017
-46.42573832339667
721.4340183006838
221.66842623839557
790.0866874090365
527.396441800755
1430.357816269542
810.6783982307486
779.5496511628983
989.6121995937392
1113.6804639795648
917.8381007978976
962.8209381111383
192.40221326972903
733.8350942511267
1338.8884633783857
899.9656882989273
702.4963848314046
89.6759144130101
324.1141144210925
668.5234039251885
687.1091844191385
1251.5099064870747
984.7615139515257
735.816965197341
1405.8234542570349
700.6649335745127
937.2964227586428
-133.07413883242978
-109.98767262153913
-151.09473423994135
97.68428466004531
214.65793516932706
515.2073143876955
767.465113461071
22.18012320241479
1049.0586019729817
468.16960901264963
1178.5097282143133
783.5727338089512
131.37031994082236
452.30052665101107
688.9199552023351
684.0635123995537
1486.5663414579694
229.53724810713265
198.17695271579487
1075.7040545551372
279.63689918129273
805.829644370904
529.3123303289179
650.4902523798066
719.967575895786
635.813440782894
583.3372875865839
703.0195522317712
816.5411176976452
-138.28253989903405
320.8202013502065
658.0809952676734
1187.1459476531113
293.55522278681497
1238.8141154674458
463.2619097257358
585.7352434461905
705.0060320280782
805.3295162663098
623.8214538979444
695.1075017820167
636.6919445792423
787.951697168784
1097.7397324071555
643.4317347440874
827.0590861990631
1226.2231862943395
1085.3404112114035
570.8632853767383
640.1657173683448
1307.0568995683695
1237.4759543447744
624.883308042803
548.4516760044173
672.5075087747645
672.266776566393
-129.29217616651044
722.1443746687455
805.4640758267799
734.9830227983123
987.917702402307
883.9134478685303
557.8880758997722
943.4340961758708
687.6239500939453
587.1965008644024
854.1376258692899
1454.9129694257326
208.45003341657855
823.4722651647146
1043.091640052621
615.5158871488267
1097.1205769459393
844.6147035205054
865.9578182362186
700.679527224282
908.2681181004889
-58.38031010686689
818.6328250393401
313.15935985444924
687.6692398819137
827.4102095126073
695.4679361968215
547.4420644214322
1546.4100666737882
681.8858338823804
231.35896317518348
651.1200837871355
99.40475190422893
1128.891188528399
889.7417300450501
322.5942719636678
961.9367360951401
1708.4744993113109
1071.006113224123
685.8007925215969
1630.726763102791
499.8046415321652
818.0649951695309
829.7169813894214
1900.6459973126327
779.5722584082087
-43.77542540744474
671.1844467253004
377.51421212771925
261.85925547319164
907.7945795177925
801.8157995836643
889.560231546508
637.2739979936264
868.7197500557149
1364.553420307495
1241.6414037205504
1425.9351171944109
792.3339672917435
1251.959170397245
527.2792986331364
697.6204688185921
1448.7861730263894
533.9508230014476
1436.5822946819144
725.4991301152595
811.3518533973831
737.6057780886274
246.85081942316003
910.3799788952825
828.3401159931419
567.9400507355961
867.9405492429373
952.9755663341992
503.922965367973
-85.1819483700063
260.49245218464523
2012.2508713039967
1016.5331422019871
1405.9271341483416
738.9869448455021
724.3455776292255
644.5344527502083
810.6040815726532
1260.7645604908857
1263.9397556449649
1373.838625178399
666.4666929000973
954.2126224002064
-173.89618614249247
630.36219217954
715.6217608207444
900.9334249862436
588.819280412467
351.8814940836304
660.6158488628964
814.2126768351352
806.2164817071384
742.7606487425295
1104.7181626741244
773.0129676468941
767.257476934009
689.397355177292
842.9594766825485
-186.5714622554351
709.6735515845555
3.519403806128821
662.4468300382756
884.2909384454408
1020.2411022783604
891.3189868468226
698.0588621820123
568.1991547831446
644.2428956648355
698.76505188513
833.76665497775
256.01185842788675
671.3486686869412
1394.154109263641
1287.1802301713565
544.3764175933611
767.8363734851498
683.9883029564057
337.6113645247541
769.3723435491247
605.6168448011366
553.9860889802153
728.758270532448
-176.40431071708494
394.22611927018545
501.8046372288586
341.64320273589874
1500.8442092527332
688.0832077251945
475.54432675808425
647.4513007978057
622.3298175842544
758.4737593090493
34.93363431860445
720.0602044890911
1639.5675631909437
1556.1126315382664
849.0127391924887
811.5921161949133
1430.5881083610952
669.3857307850984
8.525832957326202
1197.1138125459736
703.551011416589
656.2689185062235
549.7220665256036
565.6120159680607
-47.9425417452054
585.9000826413157
678.2949012015733
-13.752325087126962
628.3444806132729
807.7696726737809
412.498972598077
629.8089869113347
1291.927254460027
1475.2575183272024
620.3543568421769
1046.727044216415
16.548450631062167
797.173168909455
704.5022734059929
680.0518779631527
679.777843882691
3.4368067913392224
797.8758190200778
-166.9862867880401
873.2220248331239
617.0742002546352
399.37247492538495
887.0118794277032
1176.8303305488143
1241.6897929609313
659.4819261880775
713.4064592307275
-67.8348596777098
1453.4776779009094
588.2069971559449
760.9828957422267
94.45460398440997
1532.4529587284865
976.3866931793449
-148.71816479838515
748.3614962629638
668.5680996229698
1474.244241195564
686.5030613843608
817.2079805949204
780.8262370823545
639.8928893823997
545.278711836206
234.73765508604845
416.39309702763273
658.7407674341282
665.935532976993
518.5806655829477
824.8036168835736
699.423191697836
234.12744959449788
659.061903232739
25.124154278827632
-137.55031536597332
676.8146874268264
-13.37168482805879
-40.450248679634
856.7113593336842
377.1613169919814
642.7258254531707
-40.870391818140774
1423.6746066989826
-11.198418422894747
1880.6600121708725
808.8401068997744
694.8236311465128
765.9859606782095
516.8993733862326
307.6593223708911
702.7304803777289
815.9580229199219
622.9981470917177
727.8771238605951
1527.3465034765989
679.207127095958
723.2046688154469
713.0239665680706
276.7566814604734
564.72752284979
651.9873782225344
1313.4068742488353
761.8779099026751
682.6984156879655
796.1261682021503
871.0371874462562
734.3475559464712
942.0552602476507
681.4698404205144
672.088829449884
-72.64750531786171
675.7584930762184
767.2508041438894
-94.96644223797611
757.4201980784976
597.4532355584657
546.3654472375466
1637.6566428437038
583.6443266301874
671.730817915548
-154.04832631467755
326.94751002957184
675.8569201737521
1.0338492153269385
33.73204861265526
1488.6126784693279
42.3302843068721
994.1294065173776
723.4144581749214
331.7045191411256
780.6776586750294
953.5224440700911
708.888938845618
-107.76821944943933
-142.78059258352835
644.1048060581471
1098.5393822567466
863.8131281436788
435.13721738660706
-2.6221913774164705
644.3600053517594
187.02854160068603
856.1168005697309
884.0108696959041
791.9326369546222
1004.624553400389
520.5447378740964
770.75701863763
1546.3220193087693
642.2320924443828
2056.6244346301996
807.7038792612724
254.2659975301475
-91.46193098810232
528.8534083716377
899.291252146216
166.3142388316619
710.610413702424
697.6826487481285
-94.97886895974901
1459.2816459718101
904.1344200654478
711.3286592975451
1706.3440766219965
592.3815893988611
503.80951543472133
250.29197768977633
956.4855873069118
1276.1166784306536
904.048931924309
1627.401263400544
520.5623371483593
1286.3641215202927
568.250639887926
247.17784693722342
922.3222065196733
1214.8330224700494
795.6325145934178
692.9373408896836
128.511252577133
858.9537249389837
672.4481381648613
529.093522308292
24.227512998083284
876.9914206153353
495.9089673361436
1312.3660536509462
619.6496175288594
649.6800983471223
628.9493968650797
1504.2512423346855
-113.86725801025591
515.3059533934982
503.16088879782023
1453.86156252909
706.8179518740835
1123.526587690776
540.4805587855117
629.507344350561
1803.7645715104484
811.9059480127783
-129.56505601090245
575.821094487207
1743.1174352627872
1584.4019662953995
-104.17133468447716
693.3525370269758
702.8362187969046
1255.5999058250163
1449.7426306355937
-44.19749738711215
668.3197315009804
643.8888186087961
645.1802839039552
190.31348037724717
866.5865285484383
1300.7801636332802
249.454269300723
664.9779113699892
1086.3196979304678
645.7647762866009
31.621648114489517
181.39137353477895
1121.1006771325108
621.0570600761965
733.803937896105
693.0978709740414
1629.7149204507245
726.0006732083535
1193.2994926451322
633.7415947216816
66.42258101744432
616.808686652284
912.4049593404459
59.53869765433723
316.20991537526436
91.72544348441534
630.3798278379547
132.6397360232321
641.6592929519168
622.1060323551364
1039.087214557214
686.3306495101417
644.5889674746103
697.6108556721285
1227.3231975319945
653.8264981773632
88.45243875013557
660.6310100587432
-16.669243371241123
768.3371644779999
648.6595813429202
658.1669053546373
1275.6702252362104
663.620522323723
727.2763329055916
-138.38792110237245
213.43773444843964
618.4421943007574
-159.3951023664107
387.7581431851454
643.2804413878824
470.906243809026
656.2140650178201
724.248161798387
666.3673522722031
645.483654349029
869.88874220143
677.8405919456995
657.8205257339685
680.2714221585327
532.8692906008646
1332.3028024637633
537.2237773413476
580.3977965024194
514.7582378689227
516.847283331517
912.4903363542226
390.56908629314796
523.2713495872276
693.6176919190597
555.7992989938836
1386.2246097527943
648.0129678162875
791.1486003099999
1114.493200405948
816.6666100416996
355.4689204874327
709.9237109580286
-120.6428914777056
359.3793457686976
1455.4893439654406
368.63547004697284
732.2983865787057
558.1891253903541
4.59231149603653
687.0361412605209
707.3954126424233
535.0256773847535
744.2777487753801
1043.915523747676
718.8849252738729
320.44906001173615
81.68430089644517
1201.9988779991786
607.6403469792507
34.26897774116844
772.8149568558073
757.3953069409961
-94.54132484335986
27.973626153570592
635.8518058554164
732.3784188024938
654.4362039777964
1137.8250577094966
1016.3541039047899
600.0868336978554
669.256823256928
1029.5503339358165
715.4796508851712
610.7374346946237
947.5245275083981
52.002997582105024
1087.671147743166
874.9762912303856
541.3981399465678
439.80480893367053
655.2929340814826
592.9880232617278
-28.393765037493893
694.6711559510813
211.16463007676668
745.531738516974
1294.2481919923666
1630.54757157731
530.7217389975431
592.5101157473647
180.19431134646607
733.8769967954302
592.0342187903702
841.9002875482389
580.6943474832433
-1.5324618327368285
488.7428197460552
38.252002558846755
795.9730046786815
1334.7515038232389
306.97507550061596
1275.6718640839208
575.3830799396958
2322.242697190499
583.6870837348372
694.1805751229631
766.4403647134745
684.436538360787
1140.7302359425983
578.589670556044
644.6311080839833
667.9647141648692
1304.832348310656
719.407083402725
627.5527541904171
686.1670193235747
1571.5553611242385
675.0982505788473
1930.061312483701
519.6470819841687
363.016215116416
775.2544207317699
826.1464494321859
1085.863982942825
292.6783916885714
592.382718322249
716.3854648863501
1371.706077319688
668.8506666035311
1534.5919943914087
594.2884311191117
560.9762560083936
1220.0757451384218
692.156332257722
1066.5929288102895
483.92701534067714
269.1969299215824
344.5068182287712
1705.8778303684485
630.7055927163168
571.4782975655505
392.95959766917997
1115.940242808234
644.4675769341809
894.5826752074636
565.5656377688416
610.5459830950799
670.9811267769869
545.084002557047
929.3035204299752
518.8611197410307
662.1455377785392
269.4656741448531
1034.564348721671
709.1084189759407
126.7597306729283
608.5185522766292
11.635384671106749
736.054917895518
807.8983929034046
839.1226672766437
694.7109785136929
518.6519895659009
637.4003581842032
569.2965195527088
104.04748253768543
392.6495611246444
2074.0579021980684
602.8832689003864
520.9179393349431
648.7395987454552
-76.51071315514213
638.0898811989391
689.1713662660588
516.356659612355
492.3995250391205
755.4445027543835
1213.1583087524295
568.8084559339413
284.92257018950124
670.46326071208
659.0413137355893
1179.5738189445938
501.61938019780456
851.7755834773862
548.3459683294209
96.66215576715678
660.8286981992143
40.36190615761524
698.7628894249572
666.8716318146289
1514.1360506110564
312.37646274676354
880.7283435832376
365.1069796001118
682.6869688152542
-71.65629512942473
1202.0032365154468
690.0232248688573
665.7619891097012
795.3144254217962
747.855314944399
1091.763656634615
636.1712841607118
796.9733878798172
729.0906303086384
959.4463588092374
1269.9603452860456
757.18447578311
-66.47455622695287
618.3473808511364
8.240242395642667
457.3616784479012
676.0039053335441
1263.5366246730641
858.4889216690306
1442.8035312091915
-32.87844399589022
444.45626433460825
-21.278458499023543
804.6549341951621
527.8314875518745
-148.06790094692624
599.8960942278034
613.2073320039234
661.3364337735611
1065.6199293116756
636.862022902032
1317.9498313962447
587.3476528908639
773.6371933189555
1316.724084147534
-7.817017011630753
664.1087107437372
716.7697129151095
776.5397976046543
448.2510242521396
1265.6063683264724
659.1836995330139
479.6194859622003
1089.5030658576986
634.0037914480057
295.7249896164234
526.982797361743
658.6664246038131
20.364370477665034
649.423827312835
1158.398724554371
720.9995497111802
-91.44534518280358
106.15867236695738
510.07875395112046
-67.17964339183703
628.4531333322841
638.8293447780793
906.7461205060572
1523.0137289967674
1126.1953455927278
-94.1221140605654
-32.780902195566625
1319.2988894248617
674.255137251187
696.7832872522625
835.4764250447586
673.5865885256266
612.1816492882137
703.4590777903215
629.403463663407
343.85583068321523
655.2630111780064
688.5584068197538
-175.8465029953307
685.9191292833592
664.410300700477
718.2706528845163
346.8746659461335
590.0291994951913
777.4878415886287
648.8250026317276
704.7806928131163
1075.5079105808918
596.9994977282903
-23.252704728316985
880.1270812838032
1567.9929927384537
663.593098540503
1197.703857360351
773.0718998313762
794.7982877488827
1502.0861758667734
790.3635813657443
79.21995228674427
642.9658677596979
858.3189478259353
806.8144826174903
695.7687963826941
594.3474033190367
1442.119330517384
637.4333165217129
502.5970175555183
648.1446847572406
700.4509115393632
229.7036955604242
744.2874267004864
830.5560026034323
703.7921453360013
682.2510973059091
734.3559764100423
617.7121831016688
688.3872546639684
783.3303124111485
-143.7707287546608
670.0915906015969
617.8916739974972
655.7285679853896
751.2866108884537
662.0483737363489
-59.459861888793284
629.4458859254491
951.0230793373687
622.8744713325366
1468.506952877442
-142.40275252741102
578.6352828726517
824.3039830174008
-13.488830448767999
681.7866361723752
1592.0880093372207
634.3829893042471
1431.466448546821
652.9658760700581
715.6215138198463
-96.66568397990514
196.93803915585477
1955.8754667598184
555.040953314472
688.2040923502966
-6.6108772056193175
671.1537766726703
236.86436861192283
696.0127093858933
1395.8463788205863
632.1652850989954
680.3285735277791
544.0912125233685
659.6213193893916
594.6631209960319
638.6350642783392
672.0036804217859
-160.34892311233227
236.7390311312355
-55.91273042104052
189.2674698027099
463.3351708875471
665.0326751410835
-131.9599215060295
1877.7533038019778
712.0275337709027
768.0728002234852
642.5554778171394
781.0703922346217
392.35025068071366
711.1743307661548
657.8115388827132
746.0062970891928
687.8898433420945
620.903573999537
-72.0901768749676
1291.8309320214742
779.8111419487836
1240.8277438795108
1458.0407563184328
762.2903581525565
564.5775989228548
701.4350985782085
671.3933742155418
315.1476888947367
609.8785127727543
630.1845272425301
-42.03533774152072
815.3746288099615
665.7963835818571
481.5434351407865
1254.588521423697
1966.066050719729
-5.516133161959317
1226.1797536106915
745.8173773652343
606.0651378662632
-128.50121403102915
855.9870603587952
124.59590148171031
1316.0048514366115
719.5905272322054
607.7380542278232
103.40968700701023
-157.0665799461154
681.090543180497
487.41175205560893
535.9636159175326
515.4263954852973
1086.8344001870457
680.8107928064856
789.2385615273511
1673.770311837914
712.674083503412
525.9332229367104
1494.9710393482223
632.6459836949782
688.1200853918315
-26.358149964806046
1170.6284660365793
677.9505885279259
105.33355502399615
801.0637631724651
810.7247423418014
801.0487334798122
-106.3062059397931
-121.82751856850211
648.911312765596
1614.0919797945007
1240.4837592725632
199.80275604180645
596.5594955938503
640.6619444295341
-115.32820127123517
566.3290644003886
1125.221284813334
106.39883599897325
650.3784559008772
590.741557088321
657.147540317054
1491.6054031055064
-21.207098089544445
373.18357682110934
605.4504761198443
1131.6820722798352
700.2944815235749
879.0414449379882
646.8932886987594
1002.4494825815564
-0.8094468757019513
1369.1376823510013
723.9511148957714
-11.750326917337702
598.9646059486602
608.7214086393683
615.9543053938921
659.2716796993518
597.2598922499376
809.9151333969348
537.2357912247642
864.6065193000377
1468.4580689742506
680.7916901152412
811.6901569075283
657.9056578604739
627.6926228743962
-110.24993979167726
-26.572983865503147
770.0405895701731
109.97810811730511
560.6521635490454
660.5761809338089
663.830034325682
796.9217215066394
638.2223662491564
602.7867132696705
1033.5744297902895
1005.213891175347
682.0298715947395
-1.2674250742888375
1023.8093058327127
560.8915637221176
703.1371103294855
648.7286683068967
679.0864196336975
582.9657537525219
681.2314678034677
671.9304874835872
-174.40796744592646
791.5106530166006
1161.5153709974145
623.6150593759075
1133.280482300086
637.4812024325395
898.5412182590269
-81.17118073055457
1032.5726612648514
681.6654199328007
1777.291230915958
571.1494440521932
597.2912974454523
621.1362134912556
1482.3581821191324
698.3995243536253
972.2623874386582
880.1565780123075
282.35326515416807
577.8150689158342
667.2815842882121
-94.69135506460916
758.1184347775106
648.2954925061143
1705.4033985796439
709.2099669497231
623.5240964966096
2188.1766934549187
30.350532824630932
666.5778488829009
557.3463969945269
856.324861680009
666.3680509666557
-148.39626373096036
749.4881729997753
667.4799883585506
-122.52328973945492
765.5741148618724
1442.5956715444715
678.1096300767058
-168.7445198508545
648.7231243367634
1198.9897929954595
667.7875161417306
1248.0708708874895
-55.09217603679957
602.7443917545668
658.3811017302484
1378.5099589425222
716.3161392978626
659.3659194567877
603.6245749437476
896.5391772462547
585.9435319276948
632.9672728637131
573.321347543433
12.639083592424186
646.2978848645316
693.1265339851698
571.6304801752922
324.81725116948485
-52.94467124705096
218.87040427540853
609.873092116424
774.621778192087
631.0100495066982
-178.00182249768403
359.82179528889674
554.8270716681908
638.4103418679132
737.0802231212733
758.3477551284755
539.3513862788917
628.0701416097323
252.25538550460965
664.9882687492272
731.2130250392659
610.2246658918237
757.1876095488087
822.9236698725222
641.2379442553067
-122.35900037813445
633.8640883237314
488.6636437058571
611.9801667881372
676.5276339274142
643.6927610029335
675.1007585254422
-128.2046870557851
702.5916857669654
-70.60940598788369
552.7949599639489
634.5022849696778
619.1048147655698
-32.60149891944417
754.1415986597232
615.8404959902856
671.6482705993749
630.0212283370884
794.4837924831206
646.4602892992015
548.9923250494018
2153.717262433313
612.8832443107555
523.1743498601227
749.6863994175753
706.7088840721374
98.50341077832695
599.0700673384599
654.1041982336194
1159.7231026316058
698.5443076449659
985.9665446709648
824.8562788236175
-138.66213598363268
364.726246353404
288.35954322540215
650.0268267367447
635.0736488371101
638.2405992504019
696.6945978745192
732.1572107995628
-5.539542419304837
1356.008647321144
692.7074697797052
887.2992693973765
-54.480033839903
627.7854888364574
8.393391935886143
534.4868137008576
1246.8295582352857
-16.974052035542798
643.7922976738419
226.49778171461514
650.1941428433563
542.125155890112
684.4350188106926
100.82773318973517
684.8477379228244
623.4749207531445
664.6890439342712
245.87526794311566
627.3033098105483
-51.84201992094984
633.9705687064672
1253.105251811391
645.6489803496036
800.4411282864028
560.771155996561
542.1971973649519
-178.80706357951522
635.9853682067137
503.1688993979172
513.0868892448642
2017.8368358531864
253.23306380139763
609.2820327858983
-66.86763900214271
655.31841241042
313.70872629602593
615.9018832667664
708.7365381698928
1125.6599700804795
655.9340082026056
819.3586820322619
1045.0202396395273
85.42816342521087
-117.69397033739983
316.2620525096295
187.20857994469714
443.7363939012671
34.72844368955151
652.4127375454386
817.1779885180114
-129.30053408276424
893.6059895444084
668.6589224766626
793.1112288343759
661.8749652515835
31.67592426124247
685.7286258899699
954.6811669305798
989.6978280424316
-155.0711552716943
655.3045817718288
43.88789804058524
647.637926485733
-171.41901299134253
765.314455607855
-143.33919544091037
100.74264657197494
1205.1787360217697
853.4986826725433
943.3970726088658
638.6237947885924
780.2874493135492
807.9911584427468
390.83677745551415
909.4125130028681
767.2236156490098
622.3283233429182
-144.40072397787793
651.69843719408
-106.65282112033742
590.7512302973045
656.1190530992754
736.811197660442
835.9418596267553
1298.2278478193964
642.2879403640336
-47.64991925520974
597.2180393143354
-185.9389453171849
716.9905249103183
645.4755351764765
646.6895577444798
526.6205222516596
367.0096015940891
-163.22989250774464
634.3636501115561
-141.6799240866352
525.2702990966594
-62.6278936461909
52.262673218376165
605.3735104330004
622.2550674077595
666.6722134499282
-192.86682388973932
701.4556158643388
565.6929793050624
720.3797984889284
-170.4619621642351
665.0514506237668
1571.0684411221296
661.1560491043441
517.1359788089483
-178.93563486300775
708.502002617074
589.349078650649
749.0305737222538
2147.3694611260157
674.9228238089569
-102.4297416677694
200.54856899432298
556.6268399491735
664.2883825749711
756.2504987144048
841.8614048451356
1020.777971141878
646.3262672761233
689.8485684076147
627.4803712342466
690.9545043606822
195.5640057299414
539.4699051256009
-156.8641044877372
686.1089771666802
174.050901824805
597.1343972567286
-162.81146159010316
675.5693512492426
664.6553138378126
529.1016904567219
-144.33023927195538
604.2241029536151
197.3697580062876
211.77795862196388
611.6299874885607
-78.58362996931976
675.8335743335986
747.9349274745791
648.0332939734043
678.7933707979621
-158.41457624106954
707.2550365271414
743.2654134654172
733.477220897275
695.5039385567316
514.1904689380508
621.2332123177805
860.4931527678971
-27.01470359680974
743.3763412266237
662.1101898313889
524.8156269184633
675.3651854077417
-11.342753363957058
-195.83285296529223
-109.33243220378753
538.9301800290922
828.4860937185779
848.4830122888429
-179.93891332452696
244.0707039232052
-174.38186114153
708.3157076658102
527.2867179102088
1013.3856656910133
762.0666297164054
552.1580467712022
841.3670699330155
629.5703098798224
-162.70425408391748
752.5573361472898
139.66139193829292
-192.02148194180407
683.1886193221874
722.0167748416263
654.1855599536887
533.4023937666367
619.4119268108409
768.6632732485723
82.92063682094653
518.4682667056854
816.9393963589662
244.5274466734603
1157.125368392005
771.7453130462857
1057.964910512996
683.2216111138134
1027.3533007733242
306.6463702726428
631.9678195784584
656.3148039681214
687.8751441416152
750.3243461242574
618.6344820071495
358.6017861336858
1293.2023986244603
789.7837852775943
636.5564889845032
669.2214394677625
475.0579624859396
749.6655452962716
819.5615817171308
751.5339923988381
627.3244367681335
-150.5841437618655
941.086037632293
-78.1133436483928
937.4561394414109
707.2021878062542
1152.559216215644
995.2967886373482
-161.3073210958149
756.397486897886
945.7380591962076
1464.1024975192736
582.5757676316232
-130.23083141968567
-92.35543011747626
1065.2577661414048
775.1652983193135
656.9344441731273
640.4376408365001
593.3933969052857
928.6897329697205
1460.5438488460138
646.5014566091752
-86.50841595219151
970.3236781926942
597.3206344197276
893.3329021418502
-156.23199791320897
751.0628077843135
740.8372305705943
526.4501193339727
392.624742248179
812.9624884041754
654.6917755148855
685.0717825930512
1145.4215623649166
682.6431373937801
685.3301134539921
661.5516744768718
434.67250722897563
1126.0170934494813
105.84104376061782
658.3244717792172
-182.44807955331058
1431.2138704731415
764.6082893807923
644.2215444572
666.4570585586287
790.4343102532048
590.6756896672226
617.0636571652905
98.8099309229276
868.2056855306976
626.1491933522219
875.0083411067469
714.7350619205954
553.3128039688959
-171.98704100550407
-170.84135966228294
643.0285461729142
646.2925104008591
1111.4400622692922
905.3327078535099
1077.8356301651468
-174.52557867744667
-168.4830982094817
613.7517285410464
708.5550549000511
680.6988021193471
634.1527167073341
658.5364526920499
-154.62854902205297
-73.09948686196827
-167.34500359363085
718.215123182656
952.7580721469502
-150.1020892356518
848.5493041101694
761.2854841413001
-152.07563020270118
481.44525855064444
642.92897949968
512.2367868877803
957.1508742366019
661.020687928228
740.4442275174954
1313.6284856759412
717.5114902148626
830.8999854330966
646.9245553337303
636.0848023470819
931.3014357334685
-136.42789496822104
620.5694955842986
1287.2571616763962
-169.96385866311942
967.0477368013035
906.6861585846617
602.1114494074577
109.84017787367219
1126.588743481089
1069.930850306409
721.1990127433094
602.5379730421225
635.5283515792718
649.1080596780631
-180.03914661621747
1112.0460508849571
927.3380189136551
497.1265227538873
-165.66786901032498
1143.3247697774596
590.085349553624
655.4082530350714
793.5801473397604
-179.20234962480825
601.3308805278568
-157.64635035720266
1008.300900163254
766.6593625595732
198.9505222880449
1047.8029091623143
916.5794594168954
657.9590815885913
1034.3303425139607
637.477409711876
658.7702135277772
670.8699826494401
623.7407923115672
604.6964871274853
647.9429761917723
687.1421441536453
672.6502095205466
1224.0915130458343
929.9174854902526
666.1756642647249
942.777093706371
-170.09372860387433
701.6881721215507
77.28726775797594
925.0613933595487
515.518002751796
681.6565553217665
-176.42931079116028
686.0357279796233
547.7189389544021
660.0446133444686
630.5852073890883
754.6843881784416
673.3614480679469
525.5596198274119
682.7371874089799
894.0183658452834
665.1717438984692
760.126771939536
-44.28600286735917
643.319337136928
900.5254996617728
884.9381626507179
668.2304474956609
600.0325859365619
224.4052933069055
650.2620228055265
139.69939346364907
79.45489391968482
781.426069552379
1108.4500298503506
638.7788628369339
131.77078101032544
-173.82187185743228
604.3991064857832
689.6089316650205
644.5615402324952
55.6542627976807
214.60286442273753
614.6176654863134
641.0012467548004
233.95944206466845
1076.9127685139886
785.1504291249446
664.1881388082695
-136.1793530098065
91.36656237435022
518.1599165714664
318.59164810012203
618.2141074083909
140.53133774587593
619.085680624296
292.430386906767
-146.56578419469486
621.3328491682553
650.8160229996729
677.004535470744
644.2312312290353
1542.1331999171687
902.6372333804176
681.1114647294446
626.0533392202137
691.2606912553923
69.95448680072917
806.1748503743279
594.4748512272204
654.852904246933
693.8493130098109
-173.48915985944515
-23.458603073926156
594.9890408192227
653.2044516329713
-163.5077172909424
138.84707250961975
631.3064362534805
526.4249070352698
-176.50219246822667
675.6896695572145
520.4603365611603
618.5382521525828
986.2962930632377
706.2442741008473
189.07433377126893
639.6060343689342
175.43804619667367
736.1778537356881
-16.57082158753559
647.2721977411975
878.6767333617316
963.4364266655514
-27.210385355462165
804.8093058959621
290.7337302395832
-27.89095947450238
622.7856546034844
667.414673323058
-135.2912981179909
130.22611360705173
673.5339968781641
621.1087887519167
644.4421068717995
803.1464862135064
669.2522797966504
708.7455806882681
738.4838821938008
1264.925213701114
667.5861666280905
-147.31965066753207
574.9332095611903
700.2366235463559
643.9944938527626
758.1798616587932
642.87859022371
808.3676244304614
911.4221381128916
602.1348457028045
-137.6176908027993
901.6647893903778
853.1373949550288
392.2011010127899
626.6740296092687
-130.89082016507786
760.095494430103
716.8183771352469
494.0553026960157
726.2954847786514
124.15853561881545
483.8460562645671
750.8048329966879
715.0911138236281
953.349916374631
15.858240054481485
780.2481324778182
1301.4770368770337
682.3835107934134
701.7647945635225
572.4585206098633
630.153353519037
-121.61626624302471
-169.49104329861584
634.3162437866347
546.3560675431279
523.2820018764711
767.5168076517907
920.887663553932
627.4430275436966
176.08694279217457
977.4964196465405
824.6662788844197
648.6793106044665
566.8453218696286
-63.0797773057472
667.9550377711362
730.0381609434171
494.5755322684364
868.6905329071596
596.3267134974205
203.1325964789944
608.7003874332634
678.3630871876348
716.6913431992643
800.4552386514591
702.0695802852636
527.077937297531
691.28826964569
643.2015856840045
503.40505166598336
582.6771902976714
1028.7242221327015
1110.3757371917857
390.1958843111105
642.9918473732546
914.8351999438125
778.4013288475884
508.3125071685966
640.9861919066037
226.24694377367655
667.614129711817
695.6646187490794
825.5721232661876
639.016358720464
-30.708100226691272
-156.24808877452026
626.0653786171177
607.274839863855
562.4838802355398
193.24233588434436
596.1397393620297
802.3738847133744
963.6184490006258
696.3863820288354
649.946905698331
648.5908701169443
650.2206168941493
1193.1964567010587
648.9125777281633
653.5679527371641
832.9869135274555
527.8112774673993
693.5716227946707
774.2587589333355
704.6175387822555
643.447576390996
232.63892085324323
681.3976483760559
510.57472434677186
-143.704416802547
671.3939139806879
1013.86125451285
479.50145658323993
990.0061444638167
992.2394831222466
1295.2208588387446
620.8831352449419
726.7502837886123
652.046050356957
526.3514846170459
672.5660092728326
164.37751905215907
693.3782331991463
-163.73447694129322
721.6931298697364
629.3149588105209
753.720364973482
982.6725248231301
104.66813835139652
148.6286119083647
706.0450948196342
640.4837062517909
713.6719207159215
1264.849884991702
595.2741248600613
643.8586136782164
630.5191047102733
-87.15694328981414
1014.245819337796
-175.50023993153306
389.289678429079
974.3084002817563
-190.96596788604015
869.4826604833086
1016.7627978552472
-29.834609652853374
723.2574697669343
614.1440828735844
734.7353481840429
596.3073450179118
926.7990692541994
995.8122057694311
1317.5002484705715
756.5626315271115
-99.91467409405305
680.2331756189224
706.2812590103767
656.1765778140665
661.8790194649096
888.0943106739973
879.6135649318671
595.0511863954476
975.1261843222951
582.0184925412925
798.9041229833383
1025.6214547708732
531.0428033612826
1049.640632058026
646.9960336724731
919.7966446443172
524.7273297103551
593.6564354938242
-154.2018464611342
574.4992650826564
159.85953195422985
713.943206206563
749.8126533813918
634.4004037931011
1015.9665565483269
821.513347578853
742.3657247201747
-63.72788069589495
677.7397745003736
560.0881026843006
1929.4770811600342
1211.4598693079733
619.3741819105542
-98.34861580681098
1034.6807763330512
132.43629457478943
642.9587299057499
679.5943692067922
701.5516508112971
649.4276970559719
1076.8327589668597
941.5625164263079
1015.6676501426472
893.8140522772865
-115.41264456089007
681.8332335434839
1472.8977860819627
662.7973530893917
546.7780353808348
1168.7560531249335
719.5850302387051
-22.39898758157534
665.5942626742412
624.761649600059
832.1287100519817
1002.5278626304248
322.91536554160416
-147.28323367321062
680.6627150446348
621.6186798379064
984.9442692574505
663.4003528437352
771.7871261365989
919.1132292379159
700.5195813773803
631.1564025078092
643.0804320339188
993.0070479911471
742.9530213677175
996.2097771318663
674.7065890210295
857.7015644671117
110.17048171257699
692.3419072871629
-147.6073655698418
712.687851166309
669.7528516019329
1847.1769999644598
786.7961893740633
758.4403157428167
234.49493437427645
734.325366373962
816.8663222323082
667.7929565132326
1069.3045860376083
-97.96082924122089
-61.92438397991907
755.6835246906894
553.7381794769167
-176.26375597418195
832.654412463088
656.6169316257872
632.36600777254
-168.25883473535436
718.3092343868037
826.3330071569644
926.428070644346
700.263817603739
1155.3465768794877
643.6145737617065
1001.2396152384156
659.5129440249098
860.6547789069779
826.5854460262933
704.4198828200799
737.7648256685555
552.1262601998862
1719.3311830682212
669.279955199138
840.2013192518893
-159.59796974588986
678.3380259877572
730.9229283336615
1922.9099617728718
767.3499817891936
596.3775267165031
644.9966359686647
681.8339237511743
790.0840414753443
526.9305104777912
993.2742686456475
1050.2648940300282
979.9817416876876
845.4589163570589
167.51364587218495
654.40044064287
1551.383418934885
1008.0928203432661
736.6278043941834
590.9533992545364
691.9504425768928
586.2242671571721
763.55175991728
1457.4533635228233
637.7961770012913
1113.5860090746828
761.1058637941626
671.7801811375634
948.1547773878262
1015.8494927492949
1173.1910162765332
610.1182374000682
1038.942245963836
744.5435187807051
1018.5005481432293
976.3660561101849
670.6756419796868
741.7247628723169
1759.1530480926185
1119.371562699798
1875.6704798791422
89.57385305460446
750.9688167028021
79.91537834057641
627.8549255667658
586.9198523035802
859.3098797004099
710.1767984707457
146.01120087475903
1014.4004044604884
759.3258123004821
894.1835146183132
774.404419335186
1132.5365648799507
909.950839088134
720.3272901553923
143.34310041793134
460.4266901245664
-110.08546314462907
1099.4304529863412
579.6821588067069
579.9716529878731
553.685612077255
560.1067959691768
992.1102331439805
787.2711553748821
587.2661291559949
1141.1307620836874
896.5815596587445
-36.354249105348
808.0043796255525
1150.1238672395912
544.1723782968737
112.51866755090612
1433.5016741497482
725.9271439944105
596.0958093406256
600.6867176473878
1008.4821828922763
772.5227443912443
692.8619991169314
1868.2342591007593
-117.41813658070231
1221.9802569901763
660.2175589700718
753.2617838498884
803.4316478551187
718.3375051444668
173.231405836156
512.1270344611519
1055.0062557242068
1119.29131343256
777.1535918300026
-126.80334212366469
656.3576010579928
974.7496439273567
799.5952018128996
1278.423050611836
844.7910243530353
947.1475793274674
655.8861251601875
719.2754172453042
1161.1939216161718
733.9346228432205
-138.54092125888977
706.3626261962493
1055.4082805871503
1116.9630404715585
149.06546684373632
626.5513915835411
666.4275534244805
958.8764705915646
1209.2043468730615
1275.6540732258889
-159.13826761281507
535.220395864613
146.666861959639
754.3014493719728
906.2909441450893
-119.52307594551985
620.4660606315958
746.0392590266838
1031.5457052569895
753.8591890168511
660.9501860794669
1536.2195906419026
703.5575826945822
202.5984678924017
994.7580266995994
696.8705904705018
1386.0242833938526
656.7059333037427
762.5247071337324
616.63784339944
754.3611192070732
701.2068171786843
896.9173834543654
793.4303215421993
888.167975973189
1342.4638751118448
1233.1361491724037
755.9770552674455
885.4251315651238
742.8069516384342
623.2291827909606
687.7015126140996
743.4689131741989
829.9607087835933
652.4189250353404
1222.2304678646967
695.3779066210798
727.905728837181
967.1840421825283
256.3536329502738
1097.370414479245
748.2353883380105
876.5335659484076
597.9520854444493
908.8587835260306
746.3788798078358
872.3997855024718
657.1868274801116
719.5408542132673
665.1173785600683
1208.5132634235736
589.9598741206125
707.8126184047417
761.8786334084443
650.7452272284447
640.9608893062119
743.8508999483049
962.2356059318734
709.9117667265067
764.5858760304238
248.38254727212177
1006.5069701906782
911.7436962504812
662.938760445556
1068.3083722001647
712.570964233055
603.329465159153
627.8269797821096
1012.023437693116
759.001966886201
869.7607726203676
743.2921562696378
568.4257823701113
1113.738153926664
719.0121250319932
754.2672243766591
655.9505640251823
697.3460124031619
859.9096688424588
777.909833650023
573.7731249642497
675.9677525488863
672.3629294358541
758.7564761359359
732.1055491621245
802.9628815497056
135.92610444902806
696.772594184607
660.1474403475398
569.7612196559401
1136.4396702294744
1127.5714110256731
1032.8624460055828
827.2837600228806
1005.2239152478406
775.0360603288668
1210.5877580522508
755.3929835914851
-45.399746469114575
754.2439109952277
668.5223614644922
707.4186224233324
858.8316974030208
977.7723963821069
905.4340660654707
728.9445729449458
24.014142436284544
1134.911102905457
-18.634789885840462
801.6299407052022
1264.0594134187238
827.7786284044398
73.21452332082782
818.2268679453347
665.6436458750966
744.1095063934271
835.5317017431507
345.2981761177416
173.3984021503569
685.8844236303107
827.1627739746848
609.0463258415363
1296.1901223907241
858.1955855883017
975.3671953066274
1028.578036885965
539.049370854434
1584.9344484915996
-143.62445897545524
660.0788175201036
719.701476297389
793.2556143176255
660.569178562765
661.4424147412826
704.7394659285835
650.6212643927133
163.59618537428992
670.9806846206056
757.2913005544902
623.7447609284402
859.0595788184924
828.53072406826
1092.0396309478529
710.7848077496556
723.7791302790622
815.7584512101585
67.18802296013922
1074.791255841321
529.0561801433656
760.7510073822878
701.015078385775
740.3746813752075
1239.7600931554489
668.0662546933889
665.7324808590618
1196.9872048940288
698.9653708247583
102.38113067236162
679.9526435121927
1159.2882901311862
729.7286171821024
810.4922285944122
886.8167655678993
1266.8721153456086
690.0687174300922
672.8624220070086
678.7596005037224
831.5330541342004
719.4822406814144
728.5278443926766
863.9358906876516
647.8988771799648
1060.2268316354666
534.2977347887314
759.7077960415068
851.3284422718566
1228.6914803113232
1581.0509547336042
1129.2727591331568
-6.608474855972361
1000.2733940199207
690.2847102046389
768.4755908306879
879.9188304066886
765.8922877859362
678.991522252201
657.7855076148086
-158.56648253419823
120.53472642733112
1037.1446168936714
746.0694366647222
857.5440999280436
1247.2042374957678
791.0370679109808
710.1160665245882
795.1377441307327
802.7376033197322
1065.8357806401784
97.52560555304217
701.7474846821692
623.1359533597317
654.2134940931221
729.4302089745963
755.890005116115
688.1382248374609
244.95185881950454
713.942377143979
697.9044490195201
619.549758306546
603.8937734730515
801.0145189586251
778.7703695379864
762.1612401051325
1312.9697754475915
32.5781739212361
736.7409348505314
1124.9970781932298
756.491926144927
-144.50516483229057
852.7852720298165
565.0080352271
708.8124218551754
813.1000289989864
748.8510004425048
902.3576836123256
693.7479499934977
111.08737006706065
780.2485858069883
905.8537569816974
97.28388822562363
945.8323660758062
92.58013252556873
985.4805897246656
972.7148502316221
641.8235544168433
885.4381741015002
727.4613650489239
828.0150589822846
151.64286287969043
679.9215878446685
724.875299782319
696.8318446159101
1016.7341800566982
806.2652874217235
1015.5581694528344
750.119028676272
796.7297410132894
974.9298911491894
1183.6628142357072
-38.92022330419485
1222.9473847584743
770.094144959932
1103.1869910253354
24.04915635553249
768.8489645107178
-45.287309290754365
986.8825235074171
748.3195692229892
38.8935902337937
1033.0725716663592
662.8530538476717
743.4911800325366
662.9672167750113
149.47314183717367
721.7809748173213
783.3169766442104
696.2587442721542
2001.1088848206973
733.8712172544758
1090.6087261872444
228.3136608842475
664.1083215950931
723.0150636613469
832.9802334477388
943.9805779966647
1200.6982273427166
974.7619375547621
559.7465099122462
-156.5437624043699
766.6758577722903
-130.69447131933393
1124.4830476631496
797.1473544318085
743.9687746994554
831.3655955764448
911.2714230779908
630.9542553315729
1143.5087664644748
756.4635571742847
-158.9970242581131
710.7209539175371
26.375672455272877
916.7851417346021
667.2777064212437
610.2303501459213
-174.01927710010955
742.5867742775227
667.5738645098779
882.5473102587796
806.5813937032301
623.2923128127998
-20.24248853278408
689.0666421420608
-116.03956396294848
744.1286333196074
-182.9339053073832
790.924002855519
801.084038432442
690.5606716527441
578.423938186375
757.5508434399328
-192.75404166518456
600.9937087393896
1120.0842311039148
1132.4610952913165
729.0067209994459
1273.445958958711
66.23508056919354
885.2260298257665
-112.89531181812211
821.6114418620616
999.6260746444825
803.5071089611022
1199.360640875618
-179.66771016708117
715.9817649621868
655.1816874475256
890.2941815388187
-136.71148205570822
667.5714738541071
823.6359688876206
535.9665069755936
997.9249279455237
58.84909506757009
704.5144128068016
1226.3209009466464
864.3486531919295
1227.9732656172218
905.4849777491102
1058.6080686796074
748.4666811272377
783.5295970361583
617.5484982170514
701.6380512893998
856.1393019358243
1115.6828913637985
-131.84416884142783
539.6448750138013
659.4289207296521
210.72996940923224
762.0842687292272
1093.8680500391629
28.499264096015622
731.4276437836509
-44.40482308828166
653.4835013693175
562.7880642310413
743.5833946839691
1048.6593890098088
952.9649811674739
12.723024406701768
40.00041106601765
645.1158410917469
767.5793060084688
840.797873958885
164.0085732169024
661.1854706652015
1136.3140415490325
733.562298198082
692.3335042857518
248.09458200578854
955.1878651690674
670.4930071617362
969.3294645428723
685.1783671866328
168.98233395486113
626.4765291003916
81.96175285477386
746.5490911164918
-123.92262658662543
1493.6185277625455
718.0829188043411
864.6514936766349
767.3924447069667
691.0726672341477
832.4281127549145
1078.2486406343446
0.7064558574343209
611.0484916327005
839.1976383297736
1326.4419127542556
995.7797117385225
774.0851620112605
642.10427636363
890.2346811265885
729.1467298868424
-91.79446687164898
909.0567150498684
831.0124115225044
948.4993608742394
1309.7700777005582
957.8255820539356
114.05223117768224
706.5656469977248
657.1342964283338
1117.1361322385608
804.2908643936735
899.0886096149145
769.9428284173198
667.5234040872758
940.5170844151053
775.5854285497026
858.3698536555587
802.6126527428203
242.71258742636928
809.5752088636475
695.3762405390398
784.4483813867869
1068.3084623942075
953.2843311634714
905.9523170934917
709.9355797961526
802.2470949289147
1194.5134658697993
-152.37251644746337
702.7837923892941
645.3030160268037
800.6130378764342
826.2520343278409
835.1955656241125
668.3727160509548
795.392631167276
677.4678792419429
683.715839227712
781.399886403671
1040.940144176107
645.260816110545
631.3379165648676
-114.45391882501542
767.4811414532521
578.8916886998305
843.224945046284
1059.524558115103
740.555593797158
1295.9043924630835
504.79314807301057
223.20844394144433
851.0077772182001
1074.0070413115486
1296.3049397523696
207.25730296109134
805.6839481116657
1187.3152379199903
762.3829196817151
814.757593526577
318.1193604714821
660.3985652213094
24.389006961842256
653.5475540065304
845.8946792181232
369.6646374192943
830.1695965014547
610.5706349937761
708.1959989040442
823.8767984741613
5.2942677240760645
883.1505600420903
808.5299833007339
610.9523183627992
796.0463520596018
782.3216379156156
693.3460109309142
693.099746470426
1053.0165319378816
780.7004868561128
749.7772427948796
537.692804091123
874.9694234250828
-179.32601616939928
798.3653557378008
896.6100248568688
669.1985040156163
683.8903126804415
782.7090096615115
636.7382206019151
184.33204906351398
1001.2131244405452
690.5409746704065
718.6857757613577
1142.9765886144642
794.1259330405433
765.6272645674908
746.0024333081543
803.6207283973226
558.9351628536363
244.7116406615454
760.9501053148618
1163.9397186695992
1119.0048283768438
758.2862236227642
1048.192631768421
35.738682010801256
693.0161366383625
764.1172874464536
1113.4427223313005
706.6249736532529
795.1541797901598
-127.77369871444967
711.0191545952694
767.1649799408788
1053.447744217215
730.7318549007995
528.0216726598868
642.1020332698176
735.4765682259441
669.0836772442465
544.8625756156466
1031.8562691452944
716.164509304564
781.0931142581371
708.7161402095269
864.2841966488941
923.3448715091911
13.219262875538845
-112.39124719372711
1021.4156793076498
628.0261799066816
256.02441816627754
1130.9454802983491
1252.7886471818852
747.8807456496877
789.0736668485658
600.1707700329919
892.6785867262251
-113.64793787283205
666.0152463346337
227.16929093018803
1345.5208725704115
644.4294195305426
1001.3567232642686
648.1901783006313
156.10383160255424
1148.5327479208463
720.0865295709407
-151.1653086649904
673.6435998947413
835.0576831425932
540.5545011562626
1015.9378154913844
707.3700041508888
1238.0136773880754
842.0247134655458
761.8124500277544
680.7667455330431
834.4702669449593
1113.4233840960098
656.8622084179161
1061.753450710136
911.7477835988304
1075.263328992275
834.0926942955557
28.38316845757845
1059.5085418219205
718.9897877269719
553.5187626838369
794.6681070192155
980.7786298674177
-15.402976498515159
691.4074609149477
896.1488772185209
759.382788116191
945.730495821771
644.38953676763
-180.65541221910092
1034.5458694967651
607.0739690114016
154.80274048426634
261.2852155098079
691.6343927387288
833.6624722847437
1088.6130107690828
740.9695735701791
633.1234125631514
1423.088136453722
1001.5908425432378
797.7413635489575
795.3260046230305
719.5075802729859
874.7625803929891
833.4842085231146
216.1107567952006
672.1863634131412
374.9229275014213
823.4140035737921
1162.9578559698953
1307.4786545773416
1085.62989385439
-43.17858193740989
1124.31097484
79.34212193477316
728.1226648643074
949.2367123194858
990.4924366549691
718.3582141716435
1073.3801224890158
811.2409658407134
665.7664840727927
789.655302095188
786.279747184158
788.2403863720707
1328.0061896823747
750.5494488976267
746.2111501343174
1114.8525209922416
810.5377354356076
902.5674086778274
716.2927042991488
752.9661611143281
830.8044951926267
768.9655051818274
929.3489032262995
233.26259927485683
936.5288087468283
962.8388924638493
669.2021941933624
2.135474939717028
1232.3599946945158
796.3110744979772
884.2141038424998
779.8460215992163
1408.205391943131
741.2038628544465
911.2363355948161
1576.1904065560536
1037.2097561353914
686.9501498614823
1238.0117349364582
1082.6520180864093
1441.368903897002
1437.756151214884
913.4615818336159
-131.96657269568288
850.5023113985833
848.378377413964
686.7701776308645
239.56961396835834
735.5738107845432
606.0166292798176
1042.274653387301
888.6717708205814
1050.844408435728
51.25637711525178
1176.8253960792326
620.6201250489958
1020.8062431658943
812.9641515658484
1501.9336937737648
723.8482527139063
-141.33973714588453
1231.69631301233
1091.7264149501486
916.8060285922066
1178.7425422760764
795.6112393268268
1206.860060632957
822.6112751895167
724.9239686197975
1425.0300721736448
744.8551026268674
681.9826152517701
159.5898843352088
1164.499980597809
1454.3251899779368
256.8341831973353
750.6694269168526
-75.64844026221652
709.5417168808249
-99.49741802979835
-29.74848615991482
729.8154857651652
1023.8616222231936
-128.61394753231926
866.9123726936637
-133.69525722330056
681.9399865588041
640.0173053447876
733.7060683017714
253.37022853148005
262.8858637527263
828.3976256385386
325.0059429997283
762.8447429118108
969.5571738012386
1128.1133693667673
883.0152213749465
464.63035799302406
-111.77910120594538
1218.5726587028664
747.2797127121389
790.0511232153532
872.9928775019414
718.2536265766604
796.2215051009412
661.0827523804817
581.9129098053379
1188.3226783489654
1478.2982553164343
-126.71648096640521
989.8501572299306
763.9721688967971
1198.7201446090025
739.8878775686505
985.0863218383598
1130.8435005270867
857.7532358412823
781.9449346266224
-123.44368816125308
755.8648145101515
828.2208600265872
1573.7455494215817
798.9172890371897
897.1467952303071
1159.4634178255471
104.43287899766409
912.8825819675276
1125.2909025144472
1199.3093222148646
-17.436286838895114
783.5115094733403
803.7259464614144
955.0551770815239
731.5704022949549
795.6773828400435
833.005368688692
117.55189377278452
1188.92748739914
806.5009695388655
743.1689315029371
636.6158731109504
1198.179323060516
795.108758682589
410.696976082957
1278.6633549739245
1426.8047421937345
-47.45954920897594
879.8284972125738
-0.14301445536545998
901.257420734978
-29.816452751360885
873.2605681478408
1151.853203432148
77.32750025329182
633.3321644421997
860.6087474097874
994.7852222001652
943.9024188261508
-9.382007127567817
1502.1322793952615
-3.9516701705007904
870.6960077598166
1015.0318506520692
1340.895682441571
795.7756553872173
967.3174206207434
969.379173425531
878.5711127669491
892.2291627768808
1020.3885519471821
447.9235111898565
924.5453279947573
1204.8781321702688
776.3165740470251
128.60429211421433
889.9262139595676
730.8987609608298
-164.68962292171975
718.3219890949199
898.8766815522738
1288.0930990080951
889.6673255231453
725.1176253877773
882.2453716938855
915.1341267946387
1351.8163617570667
886.3258586437148
939.0902807724387
1282.5527250039931
1228.7728971728432
756.3478551809635
796.6578848063547
1034.7104317876858
801.8127513375491
742.4452117905382
972.3101088143908
968.6190176632616
866.313976314065
710.6627410150255
102.50696834911969
1263.7369986922242
664.8068999258085
849.9978541277161
888.0425878619589
824.1515857647767
1256.8659580245949
211.52527727775714
519.2341138215617
420.4912538360877
430.27915655427637
118.36785955432129
469.7424882540574
913.0569684428882
879.2698627686207
1056.3288111000645
634.4353699850296
-144.4745126720632
403.66115464319705
1081.057688941227
1277.4675139384856
399.92834060926793
1111.8135083103016
48.04770143378158
699.7300570280689
691.9378471628314
924.015921850691
690.9792389365064
722.6095924688943
853.3505671720766
1213.2573209546358
870.0258730190255
634.3532552305695
1076.0366073301211
-50.3880638243088
757.3194898271522
1158.891393062126
708.7946838631374
887.0513590511703
725.2044158751984
-150.02566446647347
983.9455481466928
94.42337975341081
1244.4666671040927
1247.4402301308915
883.4960409198168
-109.51819625794806
707.4535517126955
766.1197752864483
1186.3850690239165
1261.1619960952826
1409.0505622118526
1048.07361344358
976.7401344038213
688.9440752237457
508.5718065856273
968.7899853202834
863.1944586849947
1159.5465936634391
958.5591141487541
708.2833925470294
839.6900410911646
1085.7807828879086
1225.6892783691862
1244.2943131173538
869.8955014343321
813.171309219765
1226.7171345003687
856.1700230152641
734.4656833678661
931.6574737220387
860.9058158684794
268.0817940442273
28.351658561515933
791.8036666468556
249.2311003175605
1148.7491298987184
860.4102766184994
-28.48611264571582
898.4701499469566
1.5534586768148984
350.9229131078115
899.7755733400207
722.2658029364567
-167.6789610747241
-32.618509388727944
910.8153871157815
790.4443578161192
-156.90268835545717
1170.0636520056166
-155.13405963663584
-183.91284485043246
-11.644339981411122
1414.7323083515714
-174.9680911983652
888.7422759584056
945.0550756098365
1254.2919084916764
762.5966687599309
1165.9953913049055
1220.5437543674425
766.4220567320473
769.4198635198919
-60.7143564063378
939.951447114335
-105.15004848733872
887.2202797660829
746.9494046675761
860.3129791014376
982.1873758901886
751.041150399099
816.4058290349385
685.6595182365203
1651.9831842417836
116.2586812292243
248.61962353437946
861.8463013413186
1145.6072861099842
776.9268592483343
1159.8762574267685
146.438925714601
-31.850337909575956
1123.209258055399
807.0215775721836
1519.5533498648042
157.02929561837527
-146.7821498383295
622.1453135086975
792.0793152083418
726.8609149463034
1178.3688556332245
862.4013133816572
1086.9517272418395
844.8171794423788
835.1588904507986
-136.425934170117
868.0586711524622
969.9726531938834
1023.2618405275161
731.3929703328788
819.5381195367381
842.9738172121884
285.1256840860243
960.4792263864642
804.4547819228457
-163.737238826965
843.5849546432156
812.8693333653885
714.7690797665593
-40.964508320456105
1154.2340557578186
768.6092757201295
1107.468144594919
924.5767408682193
1205.6245170208897
864.9921309541735
1130.5365986300328
596.6661009236631
911.9068408559444
814.4498498413415
802.9569499057297
1265.7225538567823
903.7375426704418
808.3829772300996
899.31729617134
770.1532024866948
1202.7269551008144
-15.123133577491785
578.8147161946729
681.5546470872232
1025.0604465492277
897.5216037586351
-158.08189389263674
808.9274209896055
779.9764468045423
1026.4278097520028
1168.403363664221
-161.59055999298047
1537.0883567880333
705.9923423507123
1106.1006188203673
930.4965235583999
161.44855362025908
795.9428024992537
1261.4983832199327
760.3544315599713
949.3597229843491
837.6879371858863
987.0015372928574
1627.0019290611503
746.3477258556316
663.0916056030497
1121.9120619864889
622.6871778759829
1221.0344961977453
794.2013221532302
980.4352390180006
1433.1962409013474
758.7475272234357
1089.4827520679514
1173.1389962690237
86.96954729365615
1083.6739886882242
-21.932551255262638
1090.591169338526
748.2703874236914
865.0720638711132
-5.712171342445174
665.5694188196037
799.7278741548337
623.124448863239
320.1707365093363
715.4890938658016
398.7911129537314
765.3311017557229
847.500763594643
799.8398297922001
714.3180040071478
-21.845916015917794
903.3892600834295
998.7669990284829
780.6150421977209
885.9316824649884
904.8518695005653
767.5474451936954
1230.8672959893029
187.16969787773598
835.5778004718024
752.588510862334
1015.0702704235947
779.4034406101619
680.6729474178171
186.31793424231034
616.0877019702724
-151.8384457113263
321.73367397882157
838.5624935005827
725.0213809454337
785.1036170597763
-146.30611104863965
1147.979307693944
602.1328726022907
133.2596160302847
384.281338471735
801.6823946808056
781.3146942748748
846.3787607978516
686.41813658357
1046.3066074887595
-143.5005049329829
718.7315573322385
979.1327199758987
764.2275789772939
923.5072065149043
786.2637554599169
702.1702109618409
873.4071436150828
874.6230080313458
356.1923610781836
644.8429173198413
799.2877524535306
992.6858555672748
-152.5514254203065
833.2920485744389
700.01679306146
906.0225045217601
833.2227483018066
1034.7550835883449
1228.4464101004355
784.1216685481972
819.3040164223883
1046.6215330965554
504.9362970496495
940.7827168057231
971.0249707781502
-173.5569208830388
838.4362115581796
664.0965754304564
-144.72894992152564
888.37351710749
845.405539193592
-16.70584984137929
728.0428632170283
988.9770638743933
945.583967181949
953.445930073635
702.874158772931
696.2128651178389
947.3300560206828
1098.4067874527827
628.4892516278919
880.3191573692864
701.1822203264426
1296.3735919141104
824.06334521338
2.3672607617231733
820.9618154315858
764.1990842326466
618.2967262600097
785.5963255737447
754.0935002921829
945.8057475675787
741.7056038612695
817.6108181369705
428.9734063639064
1246.6366261977555
737.6662277551925
835.4793498746537
655.5331881017231
1192.8816031832407
984.7185254054339
958.8213417994095
1044.9044299663149
703.0547103824642
1210.7812972157642
990.8817661871104
1273.9020011503846
738.9534755017826
63.74092397715066
814.8554886403319
709.8848153823892
1380.556307150502
858.4136058909464
841.0448065874717
699.3474136884109
684.2378882971739
-12.315334815916515
1294.4862782483688
1231.4661279918682
715.9225488998864
808.2056130224935
763.6243839243568
682.516071232926
1452.9291747445764
1138.6462346311744
697.417262014595
829.1561302274232
857.1645747585776
820.5664005051235
260.9598865560514
246.07078606987
712.3864134564167
169.5015818614363
874.1449779579382
784.8275111225635
716.6235500927589
1071.628994577574
748.8354292947843
895.42109405417
1154.793942410669
491.7143945159214
752.5818500752081
1313.6845540485367
1061.5174975459563
762.3432540404305
716.6317149504811
1025.1766049819842
694.3557582026704
713.4145217618756
779.5389225480242
808.6012650916085
811.546443943119
728.6285817022576
810.1821344078176
804.7480628126427
830.9883260224067
716.3128502194008
1484.9952298519045
667.6812304616593
-107.18302778882114
1057.43344578626
878.6611107487555
1124.7329866258146
1137.6423101910782
1071.500223528409
1006.2800451240125
880.5128753740826
638.1145655560574
858.7300972904619
-102.5695930172453
733.4797323203652
810.057705738605
739.8504532624007
761.7804616126521
767.1321369668257
1434.3494394536401
730.2988527517319
780.2440303566602
826.7562882702762
241.6078878747444
606.0128351545384
851.3208037707916
504.96628171788257
766.9712373247983
786.6378643236598
1535.2248353319121
777.4343841973083
747.7505857543154
1120.340278714895
740.8147693342777
1126.7322992814093
667.5476324258033
773.4996212172007
839.9029761665105
938.8153609208466
797.9078664219217
193.36512199331116
669.5864199813375
912.3756342271004
-19.92695037398039
708.4835948028951
859.3161074637544
737.4485914573027
586.2771981521619
191.7689440285444
724.864793444498
692.8753286127951
679.5617948034851
1009.1506957791889
632.6963536961508
859.8506218685284
782.5386113942625
-157.0260920085643
1071.3964046800056
1482.2053854266287
694.4878113456705
738.8422952081663
1060.5748534038255
711.8944684419436
1219.662643754697
774.4662159740801
67.70201503316258
738.8336133484147
710.4128851455637
181.79325761235134
675.3960347613554
778.0037064263996
-182.494571029663
740.7776825322555
1063.0463967842427
1080.6287411860826
740.3249911751609
737.0217926900798
831.8685533662795
-94.07336239496351
745.7909753604864
734.2706619950357
259.96369197947706
786.0745418128024
12.84758536908788
750.1593372557011
773.803111752969
41.32099007849854
1240.6262608488262
547.6686900439854
187.9187942043959
1104.6410909958097
1115.7154751617688
1084.9847749398937
621.427726905721
586.001956821486
1088.2627671104692
603.4902388525045
1110.7317125712007
808.7204878102316
700.9056996765083
748.8311050923608
770.4979593094201
749.9959608581833
-179.26934518952896
-42.53635504379537
695.3823537525374
1255.362276524909
719.4177686827642
739.1460878149064
743.2795292934445
685.3726048167815
1351.9430795960484
15.331794073811636
801.7138606372775
842.155727684069
612.5772998743319
838.5097253975376
1234.592802331416
725.4427667458306
760.8516209340677
1080.1950152725099
862.6233036861199
147.99026954555728
730.5234263947232
701.6347541904456
855.8956843606848
710.5004643591941
900.3905187981679
792.9650607182868
1344.6372815634759
847.8366140535655
-118.51504432898136
1111.6662159435202
1041.2513504840263
697.8649895995633
781.1998646989286
855.5382237605968
1080.0716558406787
-36.72743637113928
1193.337257791591
-191.709143170023
790.6148778205337
1014.1490379586828
1052.6942874764818
643.6340279174042
1092.5950913453116
1153.2269418317014
709.5347223596207
742.327744730309
803.70832688473
711.5043298811105
737.3287401741574
770.5727165319591
1706.0577496303263
759.8484901409398
1194.61608026667
787.9397149736465
884.98146199198
833.1217734796803
836.2422167986656
792.4943332814562
638.3106234547224
1211.7427222782947
697.4294446279819
751.4815937892733
67.38482763496779
742.1506176584214
794.1982498003756
698.9123330370526
1054.5787966851349
1425.3658445483572
737.8922031640686
846.4062985426829
652.2728802135318
1081.5237048816857
1349.964331578612
-0.9890454776377169
-101.28788998288093
1055.0574962248988
701.1739736865786
1304.1706132458257
912.0117967649878
-156.45776398798594
982.3359215354451
1182.833685284397
739.6800988767828
801.9352472043613
1119.2654345891547
748.592275614323
586.7106611253769
718.8887848104252
722.5631936752702
656.2232329406392
708.8449366074612
958.7224395254035
-40.85797318586941
693.0396987781598
1489.1941910706503
703.3085868402518
717.689520233921
-152.47591024603815
778.9327146310692
1070.6998914914184
576.4756348047307
669.0487693874202
840.551199986314
688.843919045084
1262.621403663533
983.670094719106
1274.7829466599528
804.3507132685697
-163.1386181731653
787.5194377328405
1077.6626865442163
666.0017487855116
693.9047646023656
295.9673634332296
582.8759986291906
1087.3813545248227
155.76262271699187
853.9079040361894
750.4692531789999
860.4086041790717
-126.71292184317181
698.0737290204104
1125.4579260728651
1027.4439168289741
675.9792505130381
589.4229242870778
284.0682631847617
1457.209094339621
927.0771784815557
797.488936864316
758.0970981452442
523.2217664508784
667.7504425660568
848.4132177176946
702.1299431794755
1124.09821672903
743.6061855659091
805.5764602522258
699.0777097825796
865.5092434608678
551.3401302715629
1097.409335213385
1265.906418436828
762.8058658072482
142.0009030810994
657.8040365436684
-193.8351875535573
789.4437819799127
643.8995632271344
704.5240392192052
798.484358115419
899.2101019581457
693.994477424515
1101.7419311754493
552.284701358784
-133.61638434523195
863.3515914602829
716.5871532327205
723.3762536238013
746.3134332283995
767.863087753994
1059.5449265646764
619.4620655530216
743.1618097815866
560.6513764373182
9.211629423951877
738.0944425585633
1027.2185850627993
737.8196736650755
-31.023747798884187
851.9491467933361
845.7700005689358
838.5634561761399
1074.938598830577
757.3434100009279
859.0625815525501
773.3837258820494
-130.0445910953916
1044.905533307469
1187.0053112577707
883.037784010332
735.1802636257302
913.5408672543945
625.183447031623
707.2277136804449
860.85313931872
921.7738802118479
683.4914949711365
-179.88547303322775
838.8329426161231
820.1832400146744
187.62095282839164
658.3964714201848
815.1364639311241
1252.8658943726127
574.3929539132901
692.1742362443415
583.6587898850912
695.345606769416
744.1070070849078
594.9695257959338
728.7704747148889
-106.03321758749965
749.2481882631903
1039.8769134279823
1075.3237206111771
595.4159168781156
708.9815204487182
964.7082229426012
950.2880371029728
1098.071885604103
644.0388983345294
724.1570933404873
682.1181580382367
720.3532900077212
664.6576755246206
196.63179781719543
1172.8868195838656
681.6531844377556
1268.3399610649922
712.5039518002402
863.1193907954159
896.3342647550232
957.8848294597883
80.66295520794085
1043.460825358305
737.953968904234
-120.72157634771966
680.2164123004884
1042.6727653436587
1007.7515922531052
930.4553181299334
621.3450975527885
654.5348759521082
1081.9801100239506
669.9305821401199
821.3695770931121
750.8747536579074
649.0696703885648
1022.6306696702935
700.5386043235285
701.1843148496913
681.7874103326128
694.0500404533883
852.1595601484523
805.9741993564886
1028.288246262627
599.4523767193996
1169.9678736770002
732.4676059328292
911.0499997886653
1057.1791594606057
1118.3467483024087
1072.4411058894193
807.4450917508008
699.5392145778862
672.8252061488149
808.3944778244697
-180.6409535895834
1225.3219650583821
601.1144337643578
761.1878718638566
1332.5885196695574
751.7698444211039
760.9258740654741
686.4689092542126
1123.690281961749
1062.7605029854622
1159.01409564236
984.0838953868297
738.2275812336209
1197.5487645052176
839.1589448710372
690.1733738393735
695.1037345554823
674.7949432868376
674.3906843746372
31.604556517454967
694.2458529836233
775.4362864210734
1053.1488569240169
564.2707681603476
187.60534049229068
752.1873518002506
1230.459835999803
746.22396168677
-89.84854625688234
720.904783696244
686.9336256669593
1377.5875892339689
739.9035949534189
693.8946877688825
1245.4847209683157
715.6707912752428
-37.46554214076468
1057.0994929799276
711.3401982404077
1115.3031408555275
1086.7498245053864
1097.8417105552599
11.99007332887902
1254.5882205163732
1049.8769132089749
565.7473376566089
687.0003606371012
715.1469335999507
691.8879683013142
703.390099447536
543.7720422396537
692.9990775740339
760.219020105973
732.7962588189828
959.9399731121003
1347.4822540790558
1004.016143058836
829.7415993387954
817.7911613620406
723.1663085638751
1031.157642500456
818.8435774069385
884.8337503432717
638.7365981633654
745.7646798417813
916.2355424641323
730.4134786012902
230.28527306230444
672.1261615417529
711.1564972820939
1199.7873985653364
370.7758302861225
756.1126851468871
950.0346420762419
1136.4518825720954
1117.2308571578528
-157.21924954051002
749.6969011128923
812.3885268777617
1052.9336077307585
820.0700337895248
1106.5852478359268
733.4184620667908
753.0522688132528
975.3814420197732
667.2873595495555
715.2346783893759
745.3929632064268
1001.8637301109576
798.6350571115429
700.9075996330771
1159.5041063582835
694.4192505606925
788.0636094576864
977.1227430344192
1191.5280672635092
711.441574001552
657.9642224635184
745.3088201178405
647.1142612701876
1067.5848785174664
603.0571762760446
1127.0121046013267
932.7442015866654
795.9816661283929
581.6387836681109
708.3823484954457
1589.5344572032222
815.3014194681515
697.0699658889017
597.5876726971829
816.288549152708
249.31449586111796
1144.6400820678075
992.8948086433738
672.0942103000713
910.904024412176
705.8312131427881
846.9763075855776
729.0073580927817
751.5266019924111
787.6741224886944
1576.616516577018
655.8250947987119
681.1266105810951
672.9599886532776
972.5410800639033
1575.815820574271
711.6911919997176
1196.4978666790646
774.0550120208492
110.18882407045726
-138.22343838640816
911.2763846375259
698.0959818281245
914.9864125904804
703.5528878453767
1187.7481056669874
1186.850041070572
1063.530642671642
722.6487759858003
612.6580280166738
1180.9357298650477
1096.791988415859
1177.2128985726874
1078.3506750686702
694.1200493628511
809.4806596297915
-164.8251199318034
759.0408832805674
1122.4820929265143
635.8394941307052
-162.88056663298744
1041.9981832784197
1523.2855329006795
938.0962402498546
650.1824588113474
-164.94615257705456
1102.4856176947492
1300.250806689384
1209.1165801953546
1011.6125530285316
723.1670428622778
1429.061151574549
1178.5443953381375
710.2604469025243
945.6815751984495
793.4566915427238
860.9593512233073
732.477007084638
798.8691396824829
700.7089505137515
1233.0758669498366
-1.338776673744178
917.6958364408426
762.4338287196796
803.2311241276672
744.9876858317398
328.50932649970787
880.8554108166152
963.09377324771
874.8621688333899
994.9935414055017
944.8458424212937
795.2041874432114
680.2623668164138
655.0446006722095
999.7347708366069
722.0348790753346
744.5361210950148
860.785050284384
1018.3956513000502
1059.533972472978
937.7564592142362
644.0234869537805
632.4951335027898
1058.0506476322548
775.3633310609857
922.7663830742579
-113.02964407805331
1153.6399063634883
705.4512666546653
1451.4252788192773
697.3871562164902
753.5726944397362
858.1095497159665
1112.7972174159013
847.5599755396627
700.8170241201524
607.3515381468934
791.7205751209356
794.6250361140601
748.5670976968021
627.943352630391
833.4124966903904
1165.9336689217798
926.9553964874988
976.5392056724803
765.8789361031068
848.9460846217764
1322.8418200577007
874.2493372648273
1243.1893508097962
1664.9020992279347
764.2733827712837
665.1156188904084
718.031304719408
-189.81675055947886
1020.4505577739485
1266.5410614128668
770.1120402801914
882.8667696956329
710.3568968188667
826.3671081447578
812.1670042207802
-152.32117562377746
777.2979154708407
753.5003198625749
1131.4725407909723
747.2886105528444
-47.0322744571169
782.9214682562372
1162.8498475794663
799.1685439842611
739.7797585682368
-178.05008233285756
1056.9169929675659
684.7931391908244
1169.5411576445847
1051.4082672752343
44.745843587465004
756.6837626714766
715.0677777758
686.2148319909284
776.1173009441478
725.8285192381127
1043.7644739857578
627.0523716718292
708.1822878508183
681.6641197562724
923.9675199604575
943.5372083558668
761.0377660354641
707.136496325214
1314.8371260746435
605.7557548022835
850.7229878792918
1764.7817159271106
796.8043191926986
937.217218818439
683.5930365880486
1162.2719749710886
149.9443120586464
110.82929658233678
988.0432814660853
1191.3133875238382
751.9715990315133
1137.6684575524678
784.992914915682
1049.7702856395008
742.2083632048985
725.8525043125262
767.7466505717406
1116.1510385227962
697.8742336321736
702.3355456535282
833.626047100454
785.9966040403358
932.1544139861946
712.9855145859271
761.1224395072196
719.6251325834253
749.9360668220149
593.760745399022
701.9562628664064
742.5091429567917
1173.7279870241387
682.6956313530975
711.6979799983972
707.7042092578313
1146.2407647962727
809.6719096951665
1064.7946585085338
1044.0538307221548
854.4250939171374
713.2184833826809
851.7636693105775
83.1713684892917
705.6068662560797
241.90020997256386
576.3641954459735
1095.1795822573413
779.1035091085032
1126.0631430446347
716.0310690005599
1429.2393093556254
735.2880416164796
-27.06705191883293
1474.879812732789
1287.1927760656677
1088.352551191866
814.5120801664631
246.01500969785002
736.4964175292782
1021.8663947885349
843.3698945986844
1212.6081859339265
949.6035396642275
717.6096889558899
1292.7851791519715
560.5912476921131
1266.4100444167377
708.1280039907818
889.1967868096908
728.7656177044287
1143.6046184519387
737.5509366722981
690.0432190289932
833.9432319544093
-52.11959743857693
599.1699286366718
200.59793526725093
1077.9303534537971
683.8695649267032
778.5473293416726
1635.15261482741
768.5297646431263
952.9478111305148
139.2244524332906
768.8360744229376
687.2165816026398
141.91535134069994
802.6058282713583
893.5719279247802
831.8183289639909
1022.9316984959105
738.2647501398061
636.5685692914665
995.5952136178569
1206.1629938579401
642.4636820104201
766.9355170804374
1179.2621503901164
821.8389066885709
936.9408249352928
1186.942335016736
761.8984407474077
1044.7466165005358
710.2854217435212
736.2153634628921
978.2982515774531
1607.0422506780578
833.1315813073504
1271.568966415481
711.4701499690221
601.9777968140979
247.62427871213526
762.1473284066878
750.0577811400975
715.5259360395929
888.151224114016
932.7186684270403
1286.2186812815357
746.7990486142439
751.2763461996466
-65.1256940778955
879.5578661860945
731.8292250243347
817.1445504872837
1398.556410612494
1029.3035268047606
805.2877403984014
649.7957858443954
1060.5097401717119
635.3315492948944
716.2542357678021
761.5833727149718
672.4478130429745
1975.2013838261
231.451951243268
830.7942357997972
644.8576731348726
435.7899226705882
745.6477813765532
1037.888546919954
752.0733065847636
676.141074255469
246.45899054514052
912.4131257141975
684.3300464018303
-18.042122763953728
872.5757802028904
1016.4623079414816
798.6811058108053
722.899775881426
890.7866622604644
621.3144213849351
821.770856612161
1254.3345884610972
682.0117576396124
844.2151660203856
808.9736597273004
1645.0462037304783
834.2278589655932
1267.6079685522627
576.9224145249369
1025.9957576189368
696.407090004474
855.1920201429789
1540.0510785332524
791.1402852548688
1085.739889280375
796.3728778803434
767.9201600554838
1098.8334069526466
856.1287552587637
1146.2806479321503
1040.1745069707986
725.6197854597814
888.3874133784366
765.6244960479278
757.9714461477034
519.3196097206223
761.9801154808777
758.2333090681387
956.1110609179525
847.646354887456
1.7212608539460916
590.0209487799383
167.30700643643456
837.30969488376
801.4189297963616
815.9976205747009
792.8253332638253
1142.9585499979507
-20.775162991209243
1114.458162665128
1472.4356514652495
783.6589544774708
953.3846883720078
844.7996456881534
1002.282189724609
689.8228125375978
659.7205486022497
774.8814256345611
941.2080745194828
814.7278808859515
753.5022891537168
723.5653670947695
759.8033324172169
1708.292448732941
976.7598206892267
744.203633707863
781.0371833006814
807.9085756609247
382.2038129304501
659.7460766709148
710.312053366519
1214.203697141405
1630.9620424027298
706.1087669906494
762.1277323669666
711.8401578394438
701.5444454874505
1068.6092882865746
742.4562236916739
880.0020167053033
698.3635786738212
662.984118150496
1169.179774128149
676.2084379893748
671.7338113975975
787.8008867590084
1119.699234558855
1054.0410909797185
1244.842136815524
824.3378591737264
682.7202784160064
705.2735323491635
-160.63113069164064
1175.626319992682
744.7674853995607
706.916044220151
278.5395764377447
669.0913659315063
1172.5774935431034
880.703658938187
720.0409232029442
691.6430599387421
1460.2295072637144
1178.4834709980603
-170.19617441074644
713.1187725737133
1057.215498761235
731.4014506124829
1726.5281728847315
1099.4614700721231
1219.250684550952
738.8824890867554
770.5894636179352
618.4500346198015
758.8636312818667
1220.2877741655714
763.6052913894939
1112.9829243899812
1159.2573536170316
1066.4251624892058
654.8330805986805
-195.84938211344246
728.482751374042
716.9624060473552
729.0446725225754
-87.20201634616848
625.7691771249791
787.657664144197
840.404193435406
838.3272746489095
1539.377419464839
1097.626251234858
537.0791179121823
772.3575189584357
842.2448154857041
718.6296345792773
692.0430517314865
782.8496936682889
721.5795666283691
574.2826169715127
715.4924813508377
1752.899266868928
580.3847099341674
854.865963515246
592.6332764482063
796.4381983773441
812.381333206509
1118.2089969919903
764.1537111032972
745.7666393486661
831.5569859738262
813.0562909162354
727.3156505989627
712.4609772605206
839.2227571944204
728.1251701489332
725.398792086449
857.172198510425
860.3576728620267
723.4164751630553
868.9774568945899
763.5188144978501
763.6279911517865
2573.3357354873706
598.8214946818097
1049.2265599434718
742.605713297989
112.87758524992563
731.4323894354884
755.151534336728
710.1480415230883
673.6321237535749
-192.70646269407106
1086.4071799056253
761.4908431586484
767.9428304045607
761.7204042493287
1105.0449592698826
771.8784094774388
-38.26295050343134
771.4139291415441
666.6540159754343
163.0281838117777
1070.233850009257
689.5548487294177
795.3615095656837
1049.6583762301436
780.6663157052224
804.7494050948783
802.7533668229935
-117.8365922951175
824.5492941141938
1132.2028981914045
775.1794133649172
695.8720041773807
682.9540680264713
713.4583422556782
382.80360817673534
856.671752409302
1088.8203453757988
841.2138763730618
716.8134883896488
903.6374758307852
1867.735762491224
1023.6844864471789
916.6337766774191
1016.3258315423045
756.1598933742414
370.9375051940913
648.1598707719513
871.5241535572684
1527.937021127027
42.76482784398536
134.73029663728045
868.4560870925678
43.29996619389726
1163.7739243479564
724.1222608430951
1560.8710982306648
1425.892459234274
755.2723673923479
734.8182435930157
-77.36075925793313
1290.8532973887345
726.0649101072363
679.5121778468367
1119.7129596075117
1227.5187933985778
820.242673159942
683.444214355236
593.0746736139845
805.2957191924174
-123.32134946441181
1059.8895115300434
670.0104668948211
714.7423047936347
750.486815207392
407.81502472017814
652.3752632994558
1293.904715812466
598.6011520180091
787.036509706141
736.6858818548842
1336.1272498441012
606.639533799974
702.4820888317292
749.5308517262124
1047.1548129245664
762.1834875162544
906.7704951177284
625.5194551171281
537.1910167384426
840.427332158384
678.3889544819262
602.0436543401576
807.7702758638293
1101.8976881527267
1109.4919639140421
872.2445407914705
678.4439635901699
832.2418757935626
720.5021462039624
800.6527884470161
688.8671746726285
1040.1572188930847
973.7770058846081
860.6827024770238
1205.0181321006053
790.2491435029285
219.83277150056847
934.4906112090034
923.9298557605018
685.2940342589748
1288.4596026918712
655.8378013551996
734.1312018456241
1039.1080432034423
1061.8317435096164
1014.8509556149909
1204.4374246475509
1095.268681104523
866.989283319954
1011.0089656991647
862.537461422129
831.6292257771215
708.3980411160317
806.5650907859117
1231.486551168306
746.1339211519439
914.8010615206786
689.0997632162605
1225.681961950559
1472.4818208338618
1450.0104642625347
728.9932241027409
673.304597605247
1068.2276949800018
974.3127222042945
313.81742842003587
708.1061655978783
1122.9073418594044
1699.8293603742031
1000.1277505423286
720.3514298830953
827.3709387558229
942.8034872850114
1636.4514974570734
1970.0064521726354
731.3244362019996
463.2468594494128
688.7075924387718
777.4707499320289
665.2213714709742
1287.2064776827485
1089.7812140681876
667.11819395778
743.5605683501744
769.7799720363982
729.8484539564447
802.7346253284018
958.0824825697683
683.917141965266
801.8662609361185
698.3293458583655
731.8811430799674
733.68394527949
1345.7913389955843
192.8110069694094
76.02244343682776
941.7053126946792
590.1835680276927
938.2778973995576
718.9252845163485
684.6041821654424
554.9243175587005
2.8727951514231904
931.8488563718698
163.14525988526998
1118.5669748601322
1452.136020714931
968.7585185769519
765.8891868338021
716.5874803035992
658.0666164800039
714.555441460677
820.4318946770422
634.8169375604755
693.3921296925803
797.6031161239459
822.9918339725948
1187.3666208471234
1102.3647154004302
743.4476391676965
1085.5544850436347
746.1035168298973
1058.8183869301345
1979.053195645086
687.1247764773946
700.1219522763913
1063.6066681241568
840.2020455323466
1125.510647318539
404.01662922253854
739.1848598073118
849.1266177948795
1090.447600570219
720.101185527405
1105.7481164033834
579.6620336406319
668.4091915913016
742.2697227571281
949.1358712392589
1635.1626626279372
800.7638512775684
738.5166555451352
701.0356639444037
815.6082598850569
639.0207410635969
1363.1570389777037
765.554060722639
751.8496005312916
782.1271892952116
533.7074594562586
2164.4330810981874
372.81056637843426
748.2037190953927
898.499624027925
566.4108795106149
1009.734385818276
1246.2092247432408
723.2302604199451
929.4183577841626
653.7139669764476
786.1769828539498
1399.0821816447628
1395.1601044128913
740.4827815955857
788.1036876031887
1158.3679157145093
758.273311210329
764.1883265311628
1245.052179601946
866.0397222560794
1403.776735767879
709.097656245723
1007.4335938625858
676.2816167313979
1081.5309863605096
709.3983275713895
260.8881200578254
616.4933834757355
1518.3748377774014
920.5572320389358
1514.1191355444344
250.00477267797248
633.559472142864
1063.4479274546288
1049.832924343914
1050.6772609075358
811.9562185866322
1326.499918668869
738.4004156356236
1601.8458304818391
580.1741428057269
1467.6566182198399
1199.7727990422609
684.3258660447409
820.7491115504932
646.2196632200374
782.6118934225202
1155.9875735758678
269.5845317839804
1018.4504597053885
939.0842210684395
677.3023984366315
758.8208291297963
785.8706620088872
691.7110851326884
834.6730132344571
1020.8590276900285
778.7307494596112
962.4952307779289
1001.999030401711
796.5493815428666
956.4141575366582
542.4225308250145
721.3683978159868
1550.7707146752814
1179.4200180139878
699.166015589927
996.4395784500862
933.9462162587758
857.4704173200098
716.9999257707341
777.8615198776301
921.7399460799518
722.1223434031365
828.1098622320294
842.2458385412422
1627.0102282678358
765.26797727745
712.0333593610089
834.4652112946222
907.0708055783098
1493.2572006348814
575.3076640099737
1008.575774930162
677.31217244958
1532.6250117632892
1261.9046651510457
697.0037992914996
940.1131079676209
18.35028210064644
-113.1090558070828
685.5015145720405
710.2208190479128
44.446292311667264
1428.8589665055324
1141.2456439152115
-3.598592263278931
767.4398543535386
1228.5587322554497
653.496990814024
1009.4810833023597
663.7052867028809
779.2873599090526
834.0520922118418
566.3838413773213
1534.1623795748292
757.5018035158039
1035.9152467473625
660.9773905278971
730.7606756561813
705.6174078735797
757.3394338066196
849.5682590404003
599.7037494463788
1173.7695620265058
1457.4333680068248
965.9993693112888
774.2223420920664
230.0314423821087
1008.8299344041973
470.61994563914743
202.43664970013026
1343.8452650738702
735.9145441371819
568.0004263513802
655.2442924029915
759.6871706536547
622.0266830649709
1328.9693317049641
1070.3152778855515
667.1467143262737
567.7280926394549
1368.3571091670408
597.2401467360867
690.070512563799
1035.5121163522847
645.3360740375568
719.3609089476848
886.9865822645531
-78.96185386934104
840.8809349543288
834.7787531389727
762.3889956805534
739.2100946785831
1248.9228180403818
929.9797923075641
997.9813396765821
584.1947691501617
741.2125400876564
1003.7397553393539
675.7649821428741
-52.72804282743357
711.4630740180183
724.0489693662155
1092.9624583731422
1124.6251497602225
645.1931863121133
547.3939015296896
939.9032958547571
660.8165410220658
688.1704796414995
688.7803014384997
1269.2019407116913
768.4769651303952
777.8298315997556
704.640534851125
-46.71507976770301
-172.49468105146
462.99919284803735
4.364539403393209
-62.13292692208303
268.60150001956276
-142.37108772343055
39.16246632758936
259.5231993210176
286.64853990037983
84.59756101749906
68.83800160233932
139.63020712854902
401.2048675271887
77.78276012508324
8.465174117529358
397.05354078094
963.0564349529162
-133.19684855846003
-16.48734507338456
-66.37264604926946
-58.711976771823686
-199.88871501503507
45.283763547884405
95.45473896921197
444.63603540840205
317.0221749174937
65.26300335083604
202.5839367356348
313.8812692123271
152.0972842015981
416.9565550611263
324.4783809891169
274.50005997719654
372.3756239761968
18.958426165576682
286.10725499621753
155.5164915415252
329.97239955803906
85.89874858059301
89.8461041245488
-33.05372683678701
361.75065390606744
418.05657331242276
332.47096995302593
95.4250350120943
97.16162760978428
42.397144657193365
-32.92587035436006
165.86854238656383
86.69614109612064
396.04396441088767
402.7889310975247
249.36628041753315
384.15949710811117
236.7733015978685
-56.44476834798707
433.62116119840846
393.8489385968664
-41.26590164868212
50.13227880295639
379.983629971121
285.7186089133628
74.040590322823
311.04619948292935
291.5765337883134
402.9107955263663
301.32224470056644
416.2371098677065
106.78382511587102
429.06699170071727
267.26377096122076
390.0600143197811
402.470601508085
392.261548756411
87.17116480910686
284.1620741538172
444.90617648433965
130.12679620535636
437.2851622771598
227.17892445872053
401.6325619433683
431.8984154842999
153.47452536815302
417.1094922627816
398.88322110997626
430.6587168437688
362.11239270104807
244.85753552134287
448.26575641094524
133.02304809586118
157.31855921072352
299.5896749192396
428.7830202064979
-3.292025376665066
443.1474593481714
324.9822057376455
420.84292281865834
69.87929075095387
398.98299336018357
422.02069348556756
450.96028683712416
425.8246307979308
122.1374678262742
386.6128067961161
436.01331964256156
162.28230690347385
437.86505209677557
57.665894238975724
356.4676933657915
169.80982462683778
452.09822003153687
344.5150294817677
409.48308062532226
355.81363798184356
108.66769363463744
431.9609248733701
309.91496895929544
367.6416277024485
164.19242238282985
178.75015608165273
441.7891014597384
9.536452623456626
380.99455387010426
449.74822515254147
270.7354719057783
338.1200500608411
133.69726784254618
401.6511438174708
111.83390823792367
351.05587127502434
61.309627617076316
429.7587233517859
292.829086493841
244.27025947512965
450.5506113631884
421.12343590458266
21.703771107256898
427.8562305819129
449.10353744946997
392.4153522535259
443.94307511876065
160.32274972677067
391.12503956701556
83.8681029588794
40.190643676898915
433.2073337355206
120.30697272018269
62.1722514980915
342.6804006458532
450.4398904058895
400.02746196375045
357.43264749082186
377.1440587997471
189.95783655782634
389.8393538074139
445.41516052124297
190.17505908429706
178.85040405806504
351.3919099440998
355.56622289629547
393.2181252485478
67.78909967243028
135.61419726028097
317.3028451707355
352.9329060292675
459.8319754516997
250.52446298484358
293.29993601690575
176.32835113829555
432.3276862823596
130.37723647633644
226.98923392070614
415.4674702989543
398.2193109577627
321.2798533544838
153.51116741134337
459.271291779561
354.8167914474942
208.61190398978562
430.0167864754487
460.04315989437634
452.926301923961
427.262015295446
322.4816983870303
455.20120213412076
457.76837504171834
294.85121478960576
319.1994329488033
189.12257801658146
444.2541253204396
417.7849888663494
373.03750198173134
260.2639292816045
461.5666008495621
454.3828528459228
124.48604993309101
429.83901723144874
254.67669752522966
455.9690553369405
153.3847761083661
281.1873077191715
342.97443510229675
362.4719927597628
87.82679519546949
28.40914001492969
267.5206193575232
339.9691844538571
141.27266925692476
401.07623442748695
404.7951753723722
341.2496009736633
383.23498586916014
309.8230886859758
462.8049841271418
199.57997126370617
331.1762034800771
127.29069851692034
325.5816002880986
440.37408358369356
285.884568013943
167.22236525894562
221.57867237690982
452.3758721642322
164.61699349863937
366.07390343879683
137.42286167602367
177.14203909268258
112.41598527075281
177.01899585034147
447.8225867980635
135.4880389257819
460.6642174104528
316.9225902509151
329.60472021793714
402.6945684835185
129.4853279428275
399.1740754245159
460.29016548279674
167.93718678299166
231.71212826633695
458.960522594023
406.61955887820864
158.94892117249844
156.36333133798684
351.39374588397914
288.03548916468685
24.84963734063129
70.38936957014525
236.70819925703702
431.4362110411377
18.816487527510603
438.3658380122537
443.41004690779806
362.57782055636727
96.58299539687812
290.75592218470797
474.4583859004315
445.400999901157
209.89611698597662
167.16355049004997
377.2964550301632
32.188317103851944
463.4427281515634
468.97848204521983
12.440572394918163
223.77366534375153
406.6065236267172
440.30162099133577
185.96990689750197
120.61129278089108
324.868850518733
302.9197283331005
450.22234789081017
375.9431169549514
112.36675714609039
288.74146148899854
168.28454807373933
290.6903849534161
130.598454755087
283.0359941285931
327.843131179908
185.01726031541313
376.46859315374115
409.61533682104334
438.21594314474606
376.45169923353586
129.51285472961
317.8328132177827
315.1540849307207
145.18775307220682
368.4741971214363
75.97228778301661
140.93061684414585
438.01735835004285
171.6086797742953
166.09878679063752
73.07600915266003
442.12619662051793
460.25685377069743
82.97668769223418
141.38436480086494
411.45099591062433
430.9263091360372
188.08608890019562
214.48988316336317
440.6619753267154
438.85904193483884
66.45653633407663
125.83188117291029
81.92165428170902
20.23523450898965
452.8818786105591
326.8260295824068
460.791365714668
363.32108430954275
465.11404121341155
418.1676069918424
451.391301012289
407.1743751610066
431.8399681352858
115.32757374774373
388.9687761558904
443.55900253333255
235.65702134980762
121.0029927500642
125.80850055970774
111.33351692325184
195.48723092699552
353.0561369412522
459.65699227065716
453.0409132283938
435.9497933749944
460.47832854322905
446.3136064636327
459.71426624432826
175.57717056091047
453.3172316791397
87.22410996838703
135.44221436098658
445.9365389872503
425.4991217046107
457.9735298945869
196.0432686971413
158.96486744254437
68.24071838808756
361.2253364095612
68.80778625845728
195.78437900360458
454.4432596800754
204.7299053876868
291.8936171924216
228.69499960629932
88.44834505392038
321.7075061437281
166.06024262350246
295.12278220543936
456.02594841859053
342.04277685669854
116.53690860451614
411.71774034963914
454.52163769222005
389.47859122752544
457.75795599618573
460.71471615278045
171.8106666446833
138.27393131567692
334.2689652695359
282.12512040397485
31.140328061915227
191.57031219988855
191.4576916915328
303.1195483187114
204.41597963921427
133.0413879265957
425.55996441654736
191.09224085451413
460.2009717243234
25.347823871157658
43.93664984983445
143.73032974219456
446.16728518751034
405.4739884907254
122.70436839993731
453.2907667078556
457.3600199271445
318.5673763528223
157.4526292050399
399.5680184384471
421.9516073310981
468.5098736835711
15.105698088018045
429.0113651360626
243.50070225115854
189.4723774372689
293.3499426407584
393.2957182406938
409.12139958854016
137.33653945381957
462.1450310640446
451.73151619662275
159.70868491238718
434.07806172328526
227.08082627741564
374.66000505286684
66.66780166795593
169.1994238228774
72.3320075804317
33.55658238970818
415.2975292003771
473.31734429200185
160.14305734737664
54.69917250744413
393.81820874566245
415.3487800594661
108.56974270736146
277.49257184059564
416.81535949228515
452.89178700504885
123.9486833932954
288.15004647761657
367.97145505429
130.33109266950188
390.0831593870686
465.4470077698685
400.4995121355785
195.01132540690054
439.9951382810755
468.4941382973169
438.6349710898197
116.73906812423613
365.5790301281254
399.96946915389435
457.6806976715306
124.19300657297681
195.92419747341523
145.21111709894282
371.1219699014573
20.47267203879798
160.0537815737356
295.8812284905677
99.37752814177928
130.68987792585241
139.06505151743323
280.39395644501633
447.59889865858406
465.9459755997632
436.14495422503387
462.3929171318859
92.73193866394003
158.81883149703566
63.209677883409
460.33874413976673
478.95581050219414
384.3047458318522
369.6487697199533
443.8360207277075
441.6885630643626
454.697417367518
392.96386405640527
455.04581613169273
113.82436038343168
141.96407410591604
455.4824408427112
60.47143358089497
430.20046584927223
226.32199632286643
313.1579598990244
279.893365276044
430.0453798641494
312.5544536424852
466.52265379902514
197.81860372439905
467.2181432750589
304.54592765126483
286.259187649063
149.30223544672384
450.7543541533861
396.81468527861705
469.79742509644416
393.2619423660077
431.9391184734038
459.9539922461238
48.327061566534766
237.20895984278238
333.179200573321
142.24341398929545
382.37157404798336
164.06410356918119
166.5550940578911
415.33683947150206
465.21948933900455
425.5919394133688
433.47166104517
291.18546139776765
24.167039563024716
461.2592233977657
441.75616067250314
463.2495916161806
395.13819856457155
145.97569037793738
277.30303453806016
176.2220118257165
54.23906108910562
374.5024585793459
482.17530500524157
427.1665440883972
270.90752061414224
444.74404211830415
44.46131594565102
202.46529134057528
126.04133485184124
341.30094194048047
192.02993278422082
138.19796010614513
98.01613394941319
447.7967378689211
305.6650341613923
383.5765415518309
95.67848280801668
393.0546427293665
276.334664716695
224.96935407080286
279.41485237803226
452.9548637176689
172.49053861451586
209.88443169103502
393.086011312382
170.43050298091606
422.19869463976625
285.0452694613702
449.70597442583437
27.83130806407887
341.05688920637056
433.1814725030635
433.28296580236895
107.4319727384394
41.24131986997635
372.88225399320817
140.3466471278279
439.0271038747083
455.75085584161366
394.94413014135887
125.14971112613111
416.46604889230787
448.7995856971705
462.0420945364694
432.577610019443
329.5175991172759
42.56730206992643
423.75876525812896
56.079103685970125
308.132116820453
430.2719434481955
232.8625615862989
39.031514904989066
438.5378110751913
19.790634384342184
453.55418307880166
231.60511590931407
63.52078510014903
346.7912573302689
418.4378875130707
206.43261606245406
115.30999139827075
196.23840253680666
467.3307005965686
177.0427698993781
333.16688548980375
83.19875329316417
439.2183377798505
138.83596372474392
133.5647295447235
454.7848967675124
474.65698034388845
383.9429715991047
13.19123729453139
157.36783060497717
169.23993831840005
385.543016329079
472.4679524636432
281.7591474127921
476.7037600975374
195.1749347236908
451.48154589593196
237.36082745861484
289.62119457023255
251.93259823593368
311.29466762130295
268.9139735420252
31.453281073392716
191.96481053736343
470.95519494410206
185.77906881433614
342.4208505136671
96.20690010917255
203.80448696868086
389.4520952579676
175.88401770965874
362.54046600337074
325.1614575708858
169.99969059613187
111.8360045652669
359.99080044207744
227.85203255766965
190.43250957420403
462.1870895245306
368.6613198827319
346.2524081666058
335.66754297858836
424.5901194341486
462.42275833651826
385.39536257681266
445.9546693167513
73.33744515819274
385.07371371180136
456.04511833775564
176.86676399232857
385.1033643368383
169.79759609368273
279.9263038013136
447.2203259185382
453.27690315869506
361.440508564417
209.54308812516376
432.0282989570868
467.3595179686401
449.5962683734351
84.45313905115832
380.80738943673396
31.671011085697472
467.95644372597013
119.54320122798852
61.7119609250682
160.44797049611634
445.81450963360595
475.28148259369806
166.08856941905464
404.364952159101
352.096759865993
441.47110149092634
66.44990850440574
253.2985225768786
186.60342184010213
429.29976922586764
183.28215110039403
37.33770404283237
476.6758769181519
387.2285144552527
464.6178994591974
180.04306839284135
83.98305851888088
253.34334600771257
125.85495239221244
396.15527879392386
470.9306728143114
438.5656153886496
173.7129988336146
465.5719591511209
76.35409236952667
442.8096482521719
110.08099111695506
277.42550678835283
475.3248054873769
47.12863260221958
345.3710149463179
151.43697896555486
144.29421786335746
170.46604631420809
391.60152516592103
36.463015507427855
397.83024866456185
419.11900922088785
438.073735741013
465.6845566446909
115.03924701350228
442.92047644486655
461.5360646679622
359.7067902471649
411.9260565750551
482.0729613640892
23.313259335024057
432.97209761913734
124.19722679976226
172.0602420621796
465.25954677901905
132.30967202021935
381.9825833219919
74.99841032577484
213.48931390353505
368.6577539986414
180.40641317152887
144.10841412418483
160.81403720234087
133.15582209761453
396.3879641779522
454.2115606496683
336.769735980956
419.3947134387884
287.7969269994124
448.6301562964901
214.9352815659706
453.7301357030873
28.956686948899943
468.0756436169607
175.7154524802848
222.64072502890176
419.0532032216804
154.47285446453424
462.9174709677398
335.7817510694544
434.3786275648566
460.95453899289635
458.3071904060647
131.1583097262199
252.30331715265035
439.4919223992527
149.23831792181855
75.22858862123779
467.20766280511657
165.75271617054767
17.917634810721452
472.45373101345604
270.17769991489536
137.40827466692042
222.56765450568525
57.63195312941912
230.01458995969637
395.24015469768887
240.27954258670815
247.82017530680844
58.52864764069767
22.10074715039694
448.51291092174233
181.15381133643393
117.15580522720641
121.92500950906225
161.250652623083
444.9526666995517
157.1789484944353
469.3748242367085
393.96134621563374
94.20141846432581
346.360662492389
469.66452091840114
17.620686342871664
398.3719425638128
471.969924194953
335.73411869114966
189.14114158228114
165.61701019862736
468.94744325942014
353.74903654771504
58.70230366549809
461.4131533301829
25.35039059412918
293.8658696557052
468.8825718336749
335.9390299728793
150.77331672782134
448.7196100685155
232.40176699311323
368.4069969554743
469.06808185766306
409.40237529208787
453.833989070967
400.6181387378409
95.43399928914472
164.64374411632423
148.85632471893268
446.75450556355077
382.61216719295317
160.69470171388272
392.97929427731276
457.5559830228381
267.4911647920727
76.57724835438454
377.4068256623134
199.29526976872532
23.910684942460563
416.40377384008485
165.83332902028133
289.3097822270756
399.29483769169497
45.91466920933949
448.92393052517116
71.1986241355321
390.5923630498555
310.68216512403563
465.5343684169617
407.9650488810079
223.53488974946498
135.46213099268505
159.72171995497706
30.452611993800005
105.7528014246109
374.5752804115424
362.31389033129454
330.93253739261195
484.3531253586851
180.40101182223526
364.01728317274836
142.60325670993308
196.05120851213627
83.75353797031357
278.77015231268666
461.93582014396213
462.08450464143544
393.96133401275006
468.6663159636312
140.8970395859656
372.3751062968709
147.30281155786713
464.4283903643813
118.43170880732995
232.24469919305068
390.06092230547017
113.27200689101981
355.18539518100437
461.8076645978403
473.24765811262074
192.8337457068901
183.58335450206215
125.10123720403031
127.2645717116077
96.7656237515105
67.66832182246173
387.9799394118404
444.62775639850656
366.68081033737343
343.4314421096271
284.18607468252543
351.47705817115406
359.9331164987306
429.9951984563828
117.67153738033555
82.5249291342843
16.03129163946481
383.52361224794254
465.7733883645442
386.88771481633546
451.95599232597226
468.2782910297275
185.71854314965395
413.5424831636194
146.74242239851156
363.71698562544543
343.9164441755969
372.87703795292384
45.76233809279155
20.68999645248705
393.18004331366797
131.3002819035118
438.9895127615938
438.4936232488709
456.4900632511366
164.01656604920663
239.68843069129215
58.57738910519586
216.55527955071574
166.34316993325774
406.0310069716336
452.4469921736124
449.78348032277444
18.41987911518531
394.0082620573692
433.6643861092156
420.1294339139209
447.30894793446237
460.8158521786047
189.967808390284
136.3580303145888
271.7745109119368
346.12903958858135
136.1332010438747
444.9216443341079
453.0006045113597
46.27639063700275
334.1372494078159
164.76298729524638
131.4873917293104
471.3500857946453
345.9906563989389
422.03651733230237
198.56990011181753
79.02883754772859
425.0595727654651
450.2951993382917
188.79835483605555
107.03709797959041
454.3978225609136
110.66860489431036
431.9900593936811
448.4375974159023
434.32491613174506
170.89660394680692
464.7713442810442
464.9202947454334
85.95004578165505
404.92042286506853
469.57164756243355
159.33626971639757
186.04429317441435
447.119367730292
440.5077047722645
472.4324417704869
409.8471337490122
436.0586865877465
471.76737531952926
427.10186065508026
297.8911203182703
62.06737408333734
458.0563463007445
321.5243697351905
84.98948362810341
405.11207633792753
211.75103524260288
346.80080646402774
474.60863630427616
471.3043214904517
179.82003255036312
446.5812467901254
394.12379752242975
174.19880822893293
301.59965901228827
332.42072894513626
141.33023489430977
471.91800469328666
341.9239093650019
462.51849584704416
160.42630358533353
351.69605089623496
331.7591722226772
468.3257518241288
430.64221910827007
197.3550300655764
446.36677497573885
379.28364360124283
466.6017257224252
172.79903229474849
412.12026005036654
69.87323597601957
471.97923720269034
312.7595432274322
148.284007126279
439.34153998657274
437.78720767530945
24.883650231584568
246.7693562732286
464.0870560187321
402.8351560505357
121.54210772721413
468.76084124630927
208.09572467820277
85.43831871729522
38.205541792691236
233.00375318144955
343.6776312803274
113.11188030975048
414.97322550038524
210.60943396577395
67.08236716377316
171.52269964277573
71.3802159650116
412.52112786654453
146.59966556656263
104.29491930248321
401.8592176287435
460.34394286943643
60.49756006969643
470.3223705777533
169.85229495723922
135.4851559761812
358.2298024125159
161.71916213018696
370.8878165866768
26.90907943256488
190.4738707432847
412.0380890621191
408.1604465295574
24.423150760474726
272.1262555886351
277.2165854217206
178.23048090085842
432.5416325016355
24.488125473367262
413.442941780018
59.67894049784465
25.70305349790462
431.4977664292402
471.0971077272915
206.60315577546197
337.4943499299928
465.02299190202734
467.85502964174964
298.96929641226586
468.77722471432946
442.36625580692225
461.2643009048162
353.3909955562084
464.4064890376018
181.07131326973294
466.195404739177
397.37088238516105
475.4448498802242
206.9893073579077
434.8400397027458
418.0387998105036
354.34388287402373
68.64428472957921
468.9795694008293
437.7137601231964
431.71790787581216
471.6334260313514
392.6011278278104
471.08411842231015
388.64341607239135
331.1016152888209
68.82151201836436
467.8355842744614
406.5056250389057
468.3192960496773
400.5759017645477
389.8097485759889
72.03027836122148
457.81296352575805
32.19708586585645
474.11392483551435
184.81953072046161
401.19240657605536
61.455674216551216
373.77369438799013
451.97807231578076
297.68215889523094
170.69436837225987
76.46470769700866
47.53750987135152
473.4585223087611
441.9964009515804
333.78265824906293
99.5862204719789
426.44852319394704
349.01659466991
167.02135037627514
403.4729197914009
397.92725594062046
453.65754183699494
372.4611732907839
85.56359051404351
137.60687809701275
30.972158409868115
149.54763916577363
361.3997037338636
175.6240966879005
471.5485902859335
109.58841376554322
150.52178239940034
326.99594007313516
474.4116217903779
463.08174908851197
57.338689503365316
418.83725698916817
103.11628964890315
409.87650548632905
206.7112969946899
476.2488496195877
459.2946589336079
427.24144226511225
134.8033924348669
166.97591640641576
204.8564187971694
446.9924097848186
204.212144997994
116.51514145212951
159.67868107892966
55.276768473852485
469.31360704500446
181.58441457670688
362.15537811622585
430.2025080939644
435.1028233327356
472.93438212405385
137.7170948015534
214.1476095058166
27.063665949785275
128.59375746305284
160.49537159914775
190.5686866973527
65.75469819365081
474.7751629469896
35.46163882744432
472.0310179958702
259.1279777448364
56.55715102961284
108.35067605167568
373.17635320603256
32.90817830731716
467.79590155966895
72.56586742720917
476.88842996318255
151.5832856391783
389.197950351002
448.1447002216569
347.3427449361402
31.392843398343913
470.03484555874104
359.73809946220024
103.32069669120413
142.47266370649643
151.92886468745115
46.017286785154994
422.8266698790411
476.6953088205318
464.16613788048585
26.411232290492748
446.91739006148566
374.4724190800297
442.22284424570455
120.81422322328395
465.8090823615944
52.722562674524156
167.84316918773456
329.4654639179419
444.53627551779306
408.81950889255336
181.0081714477821
